benchmark_iterations,error,groups,height,input_channels,kernel,layer_name,layer_type,mean_latency_ms,median_latency_ms,native_input_channels,native_output_channels,output_channels,output_height,output_width,p95_latency_ms,precision,profile_wall_time_seconds,repeat_median_latency_ms,reproducibility_relative_error,stage3_targeted_refinement,status,stride,tactic_name,tactic_value,tensorrt_layer_type,warmup_iterations,width
200,,1,640,3,3,model.0.conv,Conv2d,0.09346176017075777,0.09137600287795067,3,16,8,320,320,0.1065839987248182,fp16,2.1231888459988113,,,,success,2,sm75_xmma_fprop_implicit_gemm_indexed_wo_smem_f16f16_f16f16_f16_nhwckrsc_nhwc_tilesize128x32x64_stage1_warpsize4x1x1_g1_tensor16x8x8_aligna8_alignc8,0x5d2e9761256bbcd1,CaskConvolution,50,640
200,,1,640,3,3,model.0.conv,Conv2d,0.12936607968062164,0.12584000080823898,3,16,16,320,320,0.14579040631651874,fp16,0.9495746939974197,0.12902399897575378,0.025301956031983264,,success,2,sm75_xmma_fprop_implicit_gemm_indexed_wo_smem_f16f16_f16f16_f16_nhwckrsc_nhwc_tilesize128x16x64_stage1_warpsize4x1x1_g1_tensor16x8x8_aligna4_alignc8,0x60960abcd63a734f,CaskConvolution,50,640
200,,1,320,8,3,model.1.conv,Conv2d,0.03881760025396943,0.03702399879693985,16,32,8,160,160,0.04522880036383861,fp16,0.7748111049986619,,,,success,2,sm75_xmma_fprop_implicit_gemm_indexed_wo_smem_f16f16_f16f16_f16_nhwckrsc_nhwc_tilesize128x16x32_stage1_warpsize4x1x1_g1_tensor16x8x8_alignc4,0xe52152db1090938b,CaskConvolution,50,320
200,,1,320,8,3,model.1.conv,Conv2d,0.04286703992635012,0.040463998913764954,16,32,16,160,160,0.05920959934592243,fp16,0.783468861001893,,,,success,2,sm75_xmma_fprop_implicit_gemm_indexed_wo_smem_f16f16_f16f16_f16_nhwckrsc_nhwc_tilesize128x16x32_stage1_warpsize4x1x1_g1_tensor16x8x8_aligna8_alignc8,0x041c3dae44ed9a7d,CaskConvolution,50,320
200,,1,320,8,3,model.1.conv,Conv2d,0.051554720252752304,0.04915200173854828,16,32,24,160,160,0.06355679929256437,fp16,0.7875037699996028,,,,success,2,sm75_xmma_fprop_implicit_gemm_indexed_wo_smem_f16f16_f16f16_f16_nhwckrsc_nhwc_tilesize128x32x64_stage1_warpsize4x1x1_g1_tensor16x8x8_aligna8_alignc4,0xd15fd3ec25fa5e84,CaskConvolution,50,320
200,,1,320,8,3,model.1.conv,Conv2d,0.055859679840505126,0.05422399938106537,16,32,32,160,160,0.0668592020869255,fp16,0.7643497370008845,,,,success,2,sm75_xmma_fprop_implicit_gemm_indexed_wo_smem_f16f16_f16f16_f16_nhwckrsc_nhwc_tilesize128x32x16_stage1_warpsize4x1x1_g1_tensor16x8x8_aligna8_alignc8,0x39a3504f7eeb810b,CaskConvolution,50,320
200,,1,320,16,3,model.1.conv,Conv2d,0.06288351995870471,0.06124800071120262,16,32,8,160,160,0.07378720231354234,fp16,0.7430431069988117,,,,success,2,sm75_xmma_fprop_implicit_gemm_indexed_wo_smem_f16f16_f16f16_f16_nhwckrsc_nhwc_tilesize128x16x64_stage1_warpsize4x1x1_g1_tensor16x8x8_alignc4,0x33509f977ccad5d4,CaskConvolution,50,320
200,,1,320,16,3,model.1.conv,Conv2d,0.0647775999456644,0.06348799914121628,16,32,16,160,160,0.07409759797155857,fp16,0.7059081779989356,,,,success,2,sm75_xmma_fprop_implicit_gemm_indexed_wo_smem_f16f16_f16f16_f16_nhwckrsc_nhwc_tilesize128x16x32_stage1_warpsize4x1x1_g1_tensor16x8x8_alignc4,0xe52152db1090938b,CaskConvolution,50,320
200,,1,320,16,3,model.1.conv,Conv2d,0.0716243202984333,0.07088000327348709,16,32,24,160,160,0.07580000311136245,fp16,0.7003031130007003,,,,success,2,sm75_xmma_fprop_implicit_gemm_indexed_wo_smem_f16f16_f16f16_f16_nhwckrsc_nhwc_tilesize128x32x64_stage1_warpsize4x1x1_g1_tensor16x8x8_aligna8_alignc4,0xd15fd3ec25fa5e84,CaskConvolution,50,320
200,,1,320,16,3,model.1.conv,Conv2d,0.07974575940519571,0.07782399654388428,16,32,32,160,160,0.09125600159168243,fp16,0.713398881998728,0.07894399762153625,0.01439146185483315,,success,2,sm75_xmma_fprop_implicit_gemm_indexed_wo_smem_f16f16_f16f16_f16_nhwckrsc_nhwc_tilesize128x32x64_stage1_warpsize4x1x1_g1_tensor16x8x8_aligna8_alignc4,0xd15fd3ec25fa5e84,CaskConvolution,50,320
200,,1,160,8,1,model.2.cv1.conv,Conv2d,0.027646240135654806,0.024687999859452248,32,32,8,160,160,0.04122080039232967,fp16,1.3007236150006065,,,,success,1,sm75_xmma_fprop_implicit_gemm_indexed_wo_smem_f16f16_f16f16_f16_nhwckrsc_nhwc_tilesize128x32x16_stage1_warpsize4x1x1_g1_tensor16x8x8_aligna4_alignc8,0x3c1c5eb4bfc9a68c,CaskConvolution,50,160
200,,1,160,8,1,model.2.cv1.conv,Conv2d,0.032344960048794745,0.028672000393271446,32,32,16,160,160,0.05417759884148835,fp16,1.1860181869997177,,,,success,1,volta_fp16x2_hcudnn_fp16x2_128x32_relu_interior_nn_v1,0xc72182f0fce13bb0,CaskConvolution,50,160
200,,1,160,8,1,model.2.cv1.conv,Conv2d,0.03559631984680891,0.03190400078892708,32,32,24,160,160,0.06062239855527873,fp16,1.084152922998328,,,,success,1,sm75_xmma_fprop_implicit_gemm_indexed_wo_smem_f16f16_f16f16_f16_nhwckrsc_nhwc_tilesize128x32x16_stage1_warpsize4x1x1_g1_tensor16x8x8_aligna4_alignc8,0x3c1c5eb4bfc9a68c,CaskConvolution,50,160
200,,1,160,8,1,model.2.cv1.conv,Conv2d,0.04325871981680393,0.040431998670101166,32,32,32,160,160,0.060639999620616426,fp16,1.1017397880023054,,,,success,1,sm75_xmma_fprop_implicit_gemm_indexed_wo_smem_f16f16_f16f16_f16_nhwckrsc_nhwc_tilesize128x32x64_stage1_warpsize4x1x1_g1_tensor16x8x8_aligna8_alignc8,0x5d2e9761256bbcd1,CaskConvolution,50,160
200,,1,160,16,1,model.2.cv1.conv,Conv2d,0.02806432013399899,0.02473600022494793,32,32,8,160,160,0.04550079908221956,fp16,1.220104469000944,,,,success,1,sm75_xmma_fprop_implicit_gemm_indexed_wo_smem_f16f16_f16f16_f16_nhwckrsc_nhwc_tilesize128x16x32_stage1_warpsize4x1x1_g1_tensor16x8x8_aligna8_alignc2,0x07398cf013b38640,CaskConvolution,50,160
200,,1,160,16,1,model.2.cv1.conv,Conv2d,0.02585744010284543,0.023679999634623528,32,32,16,160,160,0.0392432004213333,fp16,1.1400810339982854,,,,success,1,sm75_xmma_fprop_implicit_gemm_indexed_wo_smem_f16f16_f16f16_f16_nhwckrsc_nhwc_tilesize128x16x32_stage1_warpsize4x1x1_g1_tensor16x8x8_aligna8_alignc8,0x041c3dae44ed9a7d,CaskConvolution,50,160
200,,1,160,16,1,model.2.cv1.conv,Conv2d,0.04115904007107019,0.03798399865627289,32,32,24,160,160,0.06297440007328975,fp16,1.1563730750021932,,,,success,1,sm75_xmma_fprop_implicit_gemm_indexed_wo_smem_f16f16_f16f16_f16_nhwckrsc_nhwc_tilesize128x32x16_stage1_warpsize4x1x1_g1_tensor16x8x8_aligna8_alignc4,0xb5d214c27e7a635e,CaskConvolution,50,160
200,,1,160,16,1,model.2.cv1.conv,Conv2d,0.0459633600525558,0.043007999658584595,32,32,32,160,160,0.06349599920213223,fp16,1.1644363300001714,,,,success,1,sm75_xmma_fprop_implicit_gemm_indexed_wo_smem_f16f16_f16f16_f16_nhwckrsc_nhwc_tilesize128x32x16_stage1_warpsize4x1x1_g1_tensor16x8x8_aligna8_alignc8,0x39a3504f7eeb810b,CaskConvolution,50,160
200,,1,160,24,1,model.2.cv1.conv,Conv2d,0.031438240008428694,0.028192000463604927,32,32,8,160,160,0.05818559881299729,fp16,1.1114229790000536,,,,success,1,sm75_xmma_fprop_implicit_gemm_indexed_wo_smem_f16f16_f16f16_f16_nhwckrsc_nhwc_tilesize128x16x32_stage1_warpsize4x1x1_g1_tensor16x8x8_aligna8_alignc4,0x886d7923447c7828,CaskConvolution,50,160
200,,1,160,24,1,model.2.cv1.conv,Conv2d,0.038351679891347884,0.034591998904943466,32,32,16,160,160,0.06174719855189313,fp16,1.0978430309987743,,,,success,1,sm75_xmma_fprop_implicit_gemm_indexed_wo_smem_f16f16_f16f16_f16_nhwckrsc_nhwc_tilesize128x16x32_stage1_warpsize4x1x1_g1_tensor16x8x8_alignc4,0xe52152db1090938b,CaskConvolution,50,160
200,,1,160,24,1,model.2.cv1.conv,Conv2d,0.046191039960831404,0.042688000947237015,32,32,24,160,160,0.06477120146155357,fp16,1.1121470680009224,,,,success,1,sm75_xmma_fprop_implicit_gemm_indexed_wo_smem_f16f16_f16f16_f16_nhwckrsc_nhwc_tilesize128x32x64_stage1_warpsize4x1x1_g1_tensor16x8x8_aligna8_alignc8,0x5d2e9761256bbcd1,CaskConvolution,50,160
200,,1,160,24,1,model.2.cv1.conv,Conv2d,0.05176160030066967,0.04912000149488449,32,32,32,160,160,0.06563840024173258,fp16,1.1088179530015623,,,,success,1,sm75_xmma_fprop_implicit_gemm_indexed_wo_smem_f16f16_f16f16_f16_nhwckrsc_nhwc_tilesize128x32x16_stage1_warpsize4x1x1_g1_tensor16x8x8_aligna4_alignc4,0xb06d1a39bf5844d9,CaskConvolution,50,160
200,,1,160,32,1,model.2.cv1.conv,Conv2d,0.03819984018802643,0.034912001341581345,32,32,8,160,160,0.0533183993771672,fp16,1.2431333210006414,,,,success,1,sm75_xmma_fprop_implicit_gemm_indexed_wo_smem_f16f16_f16f16_f16_nhwckrsc_nhwc_tilesize128x16x32_stage1_warpsize4x1x1_g1_tensor16x8x8_aligna8_alignc4,0x886d7923447c7828,CaskConvolution,50,160
200,,1,160,32,1,model.2.cv1.conv,Conv2d,0.04295375989750028,0.038816001266241074,32,32,16,160,160,0.07141759917140003,fp16,1.2430406080020475,,,,success,1,sm75_xmma_fprop_implicit_gemm_indexed_wo_smem_f16f16_f16f16_f16_nhwckrsc_nhwc_tilesize128x16x32_stage1_warpsize4x1x1_g1_tensor16x8x8_aligna8_alignc4,0x886d7923447c7828,CaskConvolution,50,160
200,,1,160,32,1,model.2.cv1.conv,Conv2d,0.04804992018267512,0.046431999653577805,32,32,24,160,160,0.05509440135210748,fp16,1.1978450780006824,,,,success,1,sm75_xmma_fprop_implicit_gemm_indexed_wo_smem_f16f16_f16f16_f16_nhwckrsc_nhwc_tilesize128x32x16_stage1_warpsize4x1x1_g1_tensor16x8x8_aligna4_alignc8,0x3c1c5eb4bfc9a68c,CaskConvolution,50,160
200,,1,160,32,1,model.2.cv1.conv,Conv2d,0.05215087987482548,0.05119999870657921,32,32,32,160,160,0.05897120106965299,fp16,1.2378196099998604,0.05177599936723709,0.011250013187673508,,success,1,sm75_xmma_fprop_implicit_gemm_indexed_wo_smem_f16f16_f16f16_f16_nhwckrsc_nhwc_tilesize128x32x16_stage1_warpsize4x1x1_g1_tensor16x8x8_aligna8_alignc8,0x39a3504f7eeb810b,CaskConvolution,50,160
200,,1,160,8,3,model.2.m.0.cv1.conv,Conv2d,0.03225600006990135,0.028543999418616295,16,16,8,160,160,0.05959680136293166,fp16,0.8405556809993868,,,,success,1,sm75_xmma_fprop_implicit_gemm_indexed_wo_smem_f16f16_f16f16_f16_nhwckrsc_nhwc_tilesize128x16x32_stage1_warpsize4x1x1_g1_tensor16x8x8_aligna8_alignc4,0x886d7923447c7828,CaskConvolution,50,160
200,,1,160,8,3,model.2.m.0.cv2.conv,Conv2d,0.03225600006990135,0.028543999418616295,16,16,8,160,160,0.05959680136293166,fp16,0.8405556809993868,,,,success,1,sm75_xmma_fprop_implicit_gemm_indexed_wo_smem_f16f16_f16f16_f16_nhwckrsc_nhwc_tilesize128x16x32_stage1_warpsize4x1x1_g1_tensor16x8x8_aligna8_alignc4,0x886d7923447c7828,CaskConvolution,50,160
200,,1,160,8,3,model.2.m.0.cv1.conv,Conv2d,0.026341119967401027,0.026048000901937485,16,16,16,160,160,0.028387200087308884,fp16,0.8337066120002419,,,,success,1,sm75_xmma_fprop_implicit_gemm_indexed_wo_smem_f16f16_f16f16_f16_nhwckrsc_nhwc_tilesize128x16x32_stage1_warpsize4x1x1_g1_tensor16x8x8_aligna8_alignc8,0x041c3dae44ed9a7d,CaskConvolution,50,160
200,,1,160,8,3,model.2.m.0.cv2.conv,Conv2d,0.026341119967401027,0.026048000901937485,16,16,16,160,160,0.028387200087308884,fp16,0.8337066120002419,,,,success,1,sm75_xmma_fprop_implicit_gemm_indexed_wo_smem_f16f16_f16f16_f16_nhwckrsc_nhwc_tilesize128x16x32_stage1_warpsize4x1x1_g1_tensor16x8x8_aligna8_alignc8,0x041c3dae44ed9a7d,CaskConvolution,50,160
200,,1,160,16,3,model.2.m.0.cv1.conv,Conv2d,0.035673279929906127,0.030608000233769417,16,16,8,160,160,0.0676143996417522,fp16,0.8271716509989346,,,,success,1,sm75_xmma_fprop_implicit_gemm_indexed_wo_smem_f16f16_f16f16_f16_nhwckrsc_nhwc_tilesize128x16x32_stage1_warpsize4x1x1_g1_tensor16x8x8_aligna8_alignc4,0x886d7923447c7828,CaskConvolution,50,160
200,,1,160,16,3,model.2.m.0.cv2.conv,Conv2d,0.035673279929906127,0.030608000233769417,16,16,8,160,160,0.0676143996417522,fp16,0.8271716509989346,,,,success,1,sm75_xmma_fprop_implicit_gemm_indexed_wo_smem_f16f16_f16f16_f16_nhwckrsc_nhwc_tilesize128x16x32_stage1_warpsize4x1x1_g1_tensor16x8x8_aligna8_alignc4,0x886d7923447c7828,CaskConvolution,50,160
200,,1,160,16,3,model.2.m.0.cv1.conv,Conv2d,0.0320620799716562,0.03046399913728237,16,16,16,160,160,0.03884800150990486,fp16,0.8406160419981461,0.031055999919772148,0.01943279934528608,,success,1,sm75_xmma_fprop_implicit_gemm_indexed_wo_smem_f16f16_f16f16_f16_nhwckrsc_nhwc_tilesize128x16x32_stage1_warpsize4x1x1_g1_tensor16x8x8_aligna8_alignc4,0x886d7923447c7828,CaskConvolution,50,160
200,,1,160,16,3,model.2.m.0.cv2.conv,Conv2d,0.0320620799716562,0.03046399913728237,16,16,16,160,160,0.03884800150990486,fp16,0.8406160419981461,0.031055999919772148,0.01943279934528608,,success,1,sm75_xmma_fprop_implicit_gemm_indexed_wo_smem_f16f16_f16f16_f16_nhwckrsc_nhwc_tilesize128x16x32_stage1_warpsize4x1x1_g1_tensor16x8x8_aligna8_alignc4,0x886d7923447c7828,CaskConvolution,50,160
200,,1,160,8,1,model.2.cv2.conv,Conv2d,0.028488480104133487,0.024752000346779823,48,32,8,160,160,0.0512015987187624,fp16,0.08736792299896479,,,,success,1,sm75_xmma_fprop_implicit_gemm_indexed_wo_smem_f16f16_f16f16_f16_nhwckrsc_nhwc_tilesize128x32x16_stage1_warpsize4x1x1_g1_tensor16x8x8_aligna4_alignc8,0x3c1c5eb4bfc9a68c,CaskConvolution,50,160
200,,1,160,8,1,model.2.cv2.conv,Conv2d,0.030798560082912443,0.028672000393271446,48,32,16,160,160,0.04496479965746403,fp16,0.08913627400033874,,,,success,1,volta_fp16x2_hcudnn_fp16x2_128x32_relu_interior_nn_v1,0xc72182f0fce13bb0,CaskConvolution,50,160
200,,1,160,8,1,model.2.cv2.conv,Conv2d,0.036380959926173094,0.03182400017976761,48,32,24,160,160,0.0645327992737293,fp16,0.09251506500004325,,,,success,1,sm75_xmma_fprop_implicit_gemm_indexed_wo_smem_f16f16_f16f16_f16_nhwckrsc_nhwc_tilesize128x32x16_stage1_warpsize4x1x1_g1_tensor16x8x8_aligna4_alignc8,0x3c1c5eb4bfc9a68c,CaskConvolution,50,160
200,,1,160,8,1,model.2.cv2.conv,Conv2d,0.04655951993539929,0.040863998234272,48,32,32,160,160,0.07380640245974061,fp16,0.09246824799993192,,,,success,1,sm75_xmma_fprop_implicit_gemm_indexed_wo_smem_f16f16_f16f16_f16_nhwckrsc_nhwc_tilesize128x32x64_stage1_warpsize4x1x1_g1_tensor16x8x8_aligna8_alignc8,0x5d2e9761256bbcd1,CaskConvolution,50,160
200,,1,160,24,1,model.2.cv2.conv,Conv2d,0.032633279962465164,0.0285279992967844,48,32,8,160,160,0.06117759924381967,fp16,0.09278616099982173,,,,success,1,sm75_xmma_fprop_implicit_gemm_indexed_wo_smem_f16f16_f16f16_f16_nhwckrsc_nhwc_tilesize128x16x32_stage1_warpsize4x1x1_g1_tensor16x8x8_aligna8_alignc4,0x886d7923447c7828,CaskConvolution,50,160
200,,1,160,24,1,model.2.cv2.conv,Conv2d,0.036590880136936905,0.03436800092458725,48,32,16,160,160,0.05285279992967843,fp16,0.09063924699876225,,,,success,1,sm75_xmma_fprop_implicit_gemm_indexed_wo_smem_f16f16_f16f16_f16_nhwckrsc_nhwc_tilesize128x16x32_stage1_warpsize4x1x1_g1_tensor16x8x8_alignc4,0xe52152db1090938b,CaskConvolution,50,160
200,,1,160,24,1,model.2.cv2.conv,Conv2d,0.04597071995958686,0.043007999658584595,48,32,24,160,160,0.06350559927523136,fp16,0.09321168799942825,,,,success,1,sm75_xmma_fprop_implicit_gemm_indexed_wo_smem_f16f16_f16f16_f16_nhwckrsc_nhwc_tilesize128x32x64_stage1_warpsize4x1x1_g1_tensor16x8x8_aligna8_alignc8,0x5d2e9761256bbcd1,CaskConvolution,50,160
200,,1,160,24,1,model.2.cv2.conv,Conv2d,0.0508188802190125,0.048767998814582825,48,32,32,160,160,0.062119999341666676,fp16,0.09473431399965193,,,,success,1,sm75_xmma_fprop_implicit_gemm_indexed_wo_smem_f16f16_f16f16_f16_nhwckrsc_nhwc_tilesize128x32x16_stage1_warpsize4x1x1_g1_tensor16x8x8_aligna4_alignc4,0xb06d1a39bf5844d9,CaskConvolution,50,160
200,,1,160,32,1,model.2.cv2.conv,Conv2d,0.04321520011872053,0.0360959991812706,48,32,8,160,160,0.06982880197465417,fp16,0.09232033299849718,,,,success,1,sm75_xmma_fprop_implicit_gemm_indexed_wo_smem_f16f16_f16f16_f16_nhwckrsc_nhwc_tilesize128x16x32_stage1_warpsize4x1x1_g1_tensor16x8x8_aligna8_alignc4,0x886d7923447c7828,CaskConvolution,50,160
200,,1,160,32,1,model.2.cv2.conv,Conv2d,0.041083999909460545,0.038416000083088875,48,32,16,160,160,0.05748160090297457,fp16,0.09249506299966015,,,,success,1,sm75_xmma_fprop_implicit_gemm_indexed_wo_smem_f16f16_f16f16_f16_nhwckrsc_nhwc_tilesize128x16x32_stage1_warpsize4x1x1_g1_tensor16x8x8_aligna8_alignc4,0x886d7923447c7828,CaskConvolution,50,160
200,,1,160,32,1,model.2.cv2.conv,Conv2d,0.04870752012357116,0.04649600014090538,48,32,24,160,160,0.061449598520994186,fp16,0.09647367999787093,,,,success,1,sm75_xmma_fprop_implicit_gemm_indexed_wo_smem_f16f16_f16f16_f16_nhwckrsc_nhwc_tilesize128x32x16_stage1_warpsize4x1x1_g1_tensor16x8x8_aligna4_alignc8,0x3c1c5eb4bfc9a68c,CaskConvolution,50,160
200,,1,160,32,1,model.2.cv2.conv,Conv2d,0.05508063979446888,0.05119999870657921,48,32,32,160,160,0.07998719774186608,fp16,0.09486797599674901,,,,success,1,sm75_xmma_fprop_implicit_gemm_indexed_wo_smem_f16f16_f16f16_f16_nhwckrsc_nhwc_tilesize128x32x16_stage1_warpsize4x1x1_g1_tensor16x8x8_aligna8_alignc8,0x39a3504f7eeb810b,CaskConvolution,50,160
200,,1,160,48,1,model.2.cv2.conv,Conv2d,0.05690560007467866,0.055776000022888184,48,32,8,160,160,0.0655359998345375,fp16,1.1697791430015059,,,,success,1,sm75_xmma_fprop_implicit_gemm_indexed_wo_smem_f16f16_f16f16_f16_nhwckrsc_nhwc_tilesize128x16x64_stage1_warpsize4x1x1_g1_tensor16x8x8_aligna8_alignc8,0x65290447171854c8,CaskConvolution,50,160
200,,1,160,48,1,model.2.cv2.conv,Conv2d,0.055538559928536416,0.05411199852824211,48,32,16,160,160,0.06538399867713451,fp16,1.1600005039981625,,,,success,1,volta_hcudnn_128x128_relu_interior_nn_v1,0x0ccb6665868f9bd5,CaskConvolution,50,160
200,,1,160,48,1,model.2.cv2.conv,Conv2d,0.0589222402125597,0.057679999619722366,48,32,24,160,160,0.06387200206518173,fp16,1.134955348999938,,,,success,1,volta_hcudnn_128x128_relu_interior_nn_v1,0x0ccb6665868f9bd5,CaskConvolution,50,160
200,,1,160,48,1,model.2.cv2.conv,Conv2d,0.0747068801522255,0.07153600081801414,48,32,32,160,160,0.08938240222632883,fp16,1.1072703009995166,0.07379200309515,0.031536600471629164,,success,1,sm75_xmma_fprop_implicit_gemm_indexed_wo_smem_f16f16_f16f16_f16_nhwckrsc_nhwc_tilesize128x32x64_stage1_warpsize4x1x1_g1_tensor16x8x8_aligna8_alignc8,0x5d2e9761256bbcd1,CaskConvolution,50,160
200,,1,160,8,3,model.3.conv,Conv2d,0.027844480201601983,0.02457600086927414,32,64,16,80,80,0.04721440151333791,fp16,0.7662274089998391,,,,success,2,sm75_xmma_fprop_implicit_gemm_indexed_wo_smem_f16f16_f16f16_f16_nhwckrsc_nhwc_tilesize128x16x32_stage1_warpsize4x1x1_g1_tensor16x8x8_aligna8_alignc4,0x886d7923447c7828,CaskConvolution,50,160
200,,1,160,8,3,model.3.conv,Conv2d,0.031304640043526885,0.028144000098109245,32,64,32,80,80,0.053095998242497444,fp16,0.7676928920009232,,,,success,2,sm75_xmma_fprop_implicit_gemm_indexed_wo_smem_f16f16_f16f16_f16_nhwckrsc_nhwc_tilesize128x16x32_stage1_warpsize4x1x1_g1_tensor16x8x8_aligna4_alignc4,0x8dd277d8855e5faf,CaskConvolution,50,160
200,,1,160,8,3,model.3.conv,Conv2d,0.027377119977027176,0.02611199952661991,32,64,48,80,80,0.03483040053397417,fp16,0.7699210310020135,,,,success,2,sm75_xmma_fprop_implicit_gemm_indexed_wo_smem_f16f16_f16f16_f16_nhwckrsc_nhwc_tilesize128x16x32_stage1_warpsize4x1x1_g1_tensor16x8x8_aligna8_alignc8,0x041c3dae44ed9a7d,CaskConvolution,50,160
200,,1,160,8,3,model.3.conv,Conv2d,0.031044799834489822,0.02691200003027916,32,64,64,80,80,0.06162399835884565,fp16,0.7864371489995392,,,,success,2,sm75_xmma_fprop_implicit_gemm_indexed_wo_smem_f16f16_f16f16_f16_nhwckrsc_nhwc_tilesize128x32x16_stage1_warpsize4x1x1_g1_tensor16x8x8_aligna8_alignc8,0x39a3504f7eeb810b,CaskConvolution,50,160
200,,1,160,16,3,model.3.conv,Conv2d,0.027732000043615698,0.02363200020045042,32,64,16,80,80,0.04778399839997289,fp16,0.7386189169992576,,,,success,2,sm75_xmma_fprop_implicit_gemm_indexed_wo_smem_f16f16_f16f16_f16_nhwckrsc_nhwc_tilesize128x16x64_stage1_warpsize4x1x1_g1_tensor16x8x8_alignc2,0xbc046a442b052bbc,CaskConvolution,50,160
200,,1,160,16,3,model.3.conv,Conv2d,0.027723520221188666,0.02457600086927414,32,64,32,80,80,0.048688001744449136,fp16,0.7291271390022303,,,,success,2,sm75_xmma_fprop_implicit_gemm_indexed_wo_smem_f16f16_f16f16_f16_nhwckrsc_nhwc_tilesize128x32x64_stage1_warpsize4x1x1_g1_tensor16x8x8_alignc8,0xc5917dd3c56d6621,CaskConvolution,50,160
200,,1,160,16,3,model.3.conv,Conv2d,0.02928368005901575,0.028351999819278717,32,64,48,80,80,0.03491840064525601,fp16,0.7299671430009766,,,,success,2,sm75_xmma_fprop_implicit_gemm_indexed_wo_smem_f16f16_f16f16_f16_nhwckrsc_nhwc_tilesize128x32x64_stage1_warpsize4x1x1_g1_tensor16x8x8_alignc8,0xc5917dd3c56d6621,CaskConvolution,50,160
200,,1,160,16,3,model.3.conv,Conv2d,0.031128479856997727,0.030719999223947525,32,64,64,80,80,0.034742399863898744,fp16,0.720533225001418,,,,success,2,sm75_xmma_fprop_implicit_gemm_indexed_wo_smem_f16f16_f16f16_f16_nhwckrsc_nhwc_tilesize128x32x64_stage1_warpsize4x1x1_g1_tensor16x8x8_alignc8,0xc5917dd3c56d6621,CaskConvolution,50,160
200,,1,160,24,3,model.3.conv,Conv2d,0.030149439973756673,0.027135999873280525,32,64,16,80,80,0.04998080134391772,fp16,0.7406450160015083,,,,success,2,sm75_xmma_fprop_implicit_gemm_indexed_wo_smem_f16f16_f16f16_f16_nhwckrsc_nhwc_tilesize128x16x64_stage1_warpsize4x1x1_g1_tensor16x8x8_alignc4,0x33509f977ccad5d4,CaskConvolution,50,160
200,,1,160,24,3,model.3.conv,Conv2d,0.03265775984153151,0.03062400035560131,32,64,32,80,80,0.04410719908773892,fp16,0.7258576749991335,,,,success,2,sm75_xmma_fprop_implicit_gemm_indexed_wo_smem_f16f16_f16f16_f16_nhwckrsc_nhwc_tilesize128x32x64_stage1_warpsize4x1x1_g1_tensor16x8x8_alignc4,0x49e0395ec5fc8474,CaskConvolution,50,160
200,,1,160,24,3,model.3.conv,Conv2d,0.0397083200328052,0.03815999999642372,32,64,48,80,80,0.04505600035190582,fp16,0.7174319750010909,,,,success,2,sm75_xmma_fprop_implicit_gemm_indexed_wo_smem_f16f16_f16f16_f16_nhwckrsc_nhwc_tilesize128x32x64_stage1_warpsize4x1x1_g1_tensor16x8x8_alignc8,0xc5917dd3c56d6621,CaskConvolution,50,160
200,,1,160,24,3,model.3.conv,Conv2d,0.04638943990692496,0.043007999658584595,32,64,64,80,80,0.05959680136293166,fp16,0.7093605469999602,,,,success,2,sm75_xmma_fprop_implicit_gemm_indexed_wo_smem_f16f16_f16f16_f16_nhwckrsc_nhwc_tilesize128x32x64_stage1_warpsize4x1x1_g1_tensor16x8x8_alignc8,0xc5917dd3c56d6621,CaskConvolution,50,160
200,,1,160,32,3,model.3.conv,Conv2d,0.028817440019920468,0.027103999629616737,32,64,8,80,80,0.03845760170370338,fp16,0.7528235489990038,,,,success,2,sm75_xmma_fprop_implicit_gemm_indexed_wo_smem_f16f16_f16f16_f16_nhwckrsc_nhwc_tilesize128x16x64_stage1_warpsize4x1x1_g1_tensor16x8x8_alignc4,0x33509f977ccad5d4,CaskConvolution,50,160
200,,1,160,32,3,model.3.conv,Conv2d,0.02987552009522915,0.028672000393271446,32,64,16,80,80,0.037076798640191526,fp16,0.7232598350019543,,,,success,2,sm75_xmma_fprop_implicit_gemm_indexed_wo_smem_f16f16_f16f16_f16_nhwckrsc_nhwc_tilesize128x16x64_stage1_warpsize4x1x1_g1_tensor16x8x8_alignc4,0x33509f977ccad5d4,CaskConvolution,50,160
200,,1,160,32,3,model.3.conv,Conv2d,0.034040479939430955,0.03276799991726875,32,64,24,80,80,0.038607999496161935,fp16,0.7518695089966059,,,,success,2,sm75_xmma_fprop_implicit_gemm_indexed_wo_smem_f16f16_f16f16_f16_nhwckrsc_nhwc_tilesize128x32x64_stage1_warpsize4x1x1_g1_tensor16x8x8_alignc8,0xc5917dd3c56d6621,CaskConvolution,50,160
200,,1,160,32,3,model.3.conv,Conv2d,0.03951776022091508,0.03755199909210205,32,64,32,80,80,0.051206398755311966,fp16,0.7120259590010392,,,,success,2,sm75_xmma_fprop_implicit_gemm_indexed_wo_smem_f16f16_f16f16_f16_nhwckrsc_nhwc_tilesize128x32x64_stage1_warpsize4x1x1_g1_tensor16x8x8_alignc8,0xc5917dd3c56d6621,CaskConvolution,50,160
200,,1,160,32,3,model.3.conv,Conv2d,0.043431999888271094,0.04287999868392944,32,64,40,80,80,0.04863520134240388,fp16,0.7362725009988935,,,,success,2,sm75_xmma_fprop_implicit_gemm_indexed_wo_smem_f16f16_f16f16_f16_nhwckrsc_nhwc_tilesize128x32x64_stage1_warpsize4x1x1_g1_tensor16x8x8_alignc4,0x49e0395ec5fc8474,CaskConvolution,50,160
200,,1,160,32,3,model.3.conv,Conv2d,0.047897760048508646,0.04505600035190582,32,64,48,80,80,0.06149439848959444,fp16,0.7138342459984415,,,,success,2,sm75_xmma_fprop_implicit_gemm_indexed_wo_smem_f16f16_f16f16_f16_nhwckrsc_nhwc_tilesize128x32x64_stage1_warpsize4x1x1_g1_tensor16x8x8_alignc4,0x49e0395ec5fc8474,CaskConvolution,50,160
200,,1,160,32,3,model.3.conv,Conv2d,0.04815936010330915,0.045951999723911285,32,64,56,80,80,0.06065439973026514,fp16,0.7539644179996685,,,,success,2,sm75_xmma_fprop_implicit_gemm_indexed_wo_smem_f16f16_f16f16_f16_nhwckrsc_nhwc_tilesize128x32x64_stage1_warpsize4x1x1_g1_tensor16x8x8_alignc4,0x49e0395ec5fc8474,CaskConvolution,50,160
200,,1,160,32,3,model.3.conv,Conv2d,0.04788160018622875,0.04700800031423569,32,64,64,80,80,0.051327998749911743,fp16,0.7516230770015682,0.04726399853825569,0.005445843735294542,,success,2,sm75_xmma_fprop_implicit_gemm_f16f16_f16f16_f16_nhwckrsc_nhwc_tilesize128x64x32_stage1_warpsize2x2x1_g1_tensor16x8x8_t1r3s3,0x1de724868edf11b0,CaskConvolution,50,160
200,,1,80,16,1,model.4.cv1.conv,Conv2d,0.02633728016167879,0.023824000731110573,64,64,16,80,80,0.041027199104428265,fp16,1.2580258329981007,,,,success,1,volta_hcudnn_128x128_relu_small_nn_v1,0x94dc70026a3bd827,CaskConvolution,50,80
200,,1,80,16,1,model.4.cv1.conv,Conv2d,0.02599376019090414,0.02449600026011467,64,64,32,80,80,0.03687040116637945,fp16,1.2495669770032691,,,,success,1,volta_hcudnn_128x128_relu_small_nn_v1,0x94dc70026a3bd827,CaskConvolution,50,80
200,,1,80,16,1,model.4.cv1.conv,Conv2d,0.026452960185706614,0.02457600086927414,64,64,48,80,80,0.03763519916683433,fp16,1.2199890740012052,,,,success,1,volta_hcudnn_128x128_relu_interior_nn_v1,0x0ccb6665868f9bd5,CaskConvolution,50,80
200,,1,80,16,1,model.4.cv1.conv,Conv2d,0.02729984026402235,0.02457600086927414,64,64,64,80,80,0.04155039917677638,fp16,1.2340181699983077,,,,success,1,volta_hcudnn_128x128_relu_small_nn_v1,0x94dc70026a3bd827,CaskConvolution,50,80
200,,1,80,32,1,model.4.cv1.conv,Conv2d,0.02752544012852013,0.02436799928545952,64,64,16,80,80,0.051553601399064064,fp16,1.2682484690012643,,,,success,1,sm75_xmma_fprop_implicit_gemm_indexed_wo_smem_f16f16_f16f16_f16_nhwckrsc_nhwc_tilesize128x32x64_stage1_warpsize4x1x1_g1_tensor16x8x8_aligna4_alignc8,0x5891999ae4499b56,CaskConvolution,50,80
200,,1,80,32,1,model.4.cv1.conv,Conv2d,0.02897295999340713,0.027583999559283257,64,64,32,80,80,0.035587198659777615,fp16,1.2574213510015397,,,,success,1,volta_hcudnn_128x128_relu_interior_nn_v1,0x0ccb6665868f9bd5,CaskConvolution,50,80
200,,1,80,32,1,model.4.cv1.conv,Conv2d,0.024376960201188923,0.023584000766277313,64,64,48,80,80,0.03014240013435482,fp16,1.2232142510001722,,,,success,1,sm75_xmma_fprop_implicit_gemm_indexed_wo_smem_f16f16_f16f16_f16_nhwckrsc_nhwc_tilesize128x32x16_stage1_warpsize4x1x1_g1_tensor16x8x8_aligna8_alignc8,0x39a3504f7eeb810b,CaskConvolution,50,80
200,,1,80,32,1,model.4.cv1.conv,Conv2d,0.02799376000650227,0.02723200060427189,64,64,64,80,80,0.029843199905008073,fp16,1.221340482999949,,,,success,1,volta_hcudnn_128x128_relu_interior_nn_v1,0x0ccb6665868f9bd5,CaskConvolution,50,80
200,,1,80,48,1,model.4.cv1.conv,Conv2d,0.028869600100442767,0.024911999702453613,64,64,16,80,80,0.05526879969984292,fp16,1.2366932619988802,,,,success,1,sm75_xmma_fprop_implicit_gemm_indexed_wo_smem_f16f16_f16f16_f16_nhwckrsc_nhwc_tilesize128x16x64_stage1_warpsize4x1x1_g1_tensor16x8x8_aligna8_alignc8,0x65290447171854c8,CaskConvolution,50,80
200,,1,80,48,1,model.4.cv1.conv,Conv2d,0.029076320016756654,0.02619200013577938,64,64,32,80,80,0.05128959827125067,fp16,1.2022383170005924,,,,success,1,turing_fp16x2_hcudnn_fp16x2_128x32_relu_small_nn_v1,0xacaaec9cc8134f6f,CaskConvolution,50,80
200,,1,80,48,1,model.4.cv1.conv,Conv2d,0.028479680186137557,0.02518399991095066,64,64,48,80,80,0.052791999466717233,fp16,1.2408815179987869,,,,success,1,sm75_xmma_fprop_implicit_gemm_indexed_wo_smem_f16f16_f16f16_f16_nhwckrsc_nhwc_tilesize128x16x32_stage1_warpsize4x1x1_g1_tensor16x8x8_aligna8_alignc4,0x886d7923447c7828,CaskConvolution,50,80
200,,1,80,48,1,model.4.cv1.conv,Conv2d,0.030740160010755063,0.029920000582933426,64,64,64,80,80,0.035009601339697806,fp16,1.205658869999752,,,,success,1,volta_hcudnn_128x128_relu_interior_nn_v1,0x0ccb6665868f9bd5,CaskConvolution,50,80
200,,1,80,64,1,model.4.cv1.conv,Conv2d,0.023089440017938615,0.02252800017595291,64,64,8,80,80,0.025043200049549314,fp16,1.0706820449995575,,,,success,1,sm75_xmma_fprop_implicit_gemm_f16f16_f16f16_f16_nhwckrsc_nhwc_tilesize128x32x32_stage1_warpsize4x1x1_g1_tensor16x8x8_t1r1s1,0x41e8a431d0137286,CaskConvolution,50,80
200,,1,80,64,1,model.4.cv1.conv,Conv2d,0.02478672010824084,0.02316799946129322,64,64,16,80,80,0.03228159975260495,fp16,1.0439953839995724,,,,success,1,sm75_xmma_fprop_implicit_gemm_f16f16_f16f16_f16_nhwckrsc_nhwc_tilesize128x32x32_stage1_warpsize4x1x1_g1_tensor16x8x8_simple_t1r1s1,0x0129597ad9bbff14,CaskConvolution,50,80
200,,1,80,64,1,model.4.cv1.conv,Conv2d,0.02777408007532358,0.024000000208616257,64,64,24,80,80,0.05702080167829989,fp16,1.2010871010024857,,,,success,1,sm75_xmma_gemm_f16f16_f16f16_f16_nn_n_tilesize64x32x64_stage1_warpsize2x2x1_tensor16x8x8,0x000000000002037c,CaskGemmConvolution,50,80
200,,1,80,64,1,model.4.cv1.conv,Conv2d,0.029996000053361057,0.02848000079393387,64,64,32,80,80,0.041073599085211715,fp16,1.0373381760000484,,,,success,1,turing_fp16x2_hcudnn_fp16x2_128x32_relu_small_nn_v1,0xacaaec9cc8134f6f,CaskConvolution,50,80
200,,1,80,64,1,model.4.cv1.conv,Conv2d,0.02747840023599565,0.024768000468611717,64,64,40,80,80,0.043577598966658054,fp16,1.037874659999943,,,,success,1,sm75_xmma_gemm_f16f16_f16f16_f16_tn_n_tilesize128x64x32_stage1_warpsize2x2x1_tensor16x8x8,0x000000000002057d,CaskGemmConvolution,50,80
200,,1,80,64,1,model.4.cv1.conv,Conv2d,0.029550079982727767,0.027583999559283257,64,64,48,80,80,0.04213439933955664,fp16,1.0121249570001964,,,,success,1,turing_h1688cudnn_256x64_ldg8_relu_exp_interior_nhwc_tn_v1,0x3f3840edab5c9d44,CaskConvolution,50,80
200,,1,80,64,1,model.4.cv1.conv,Conv2d,0.03108192004263401,0.027327999472618103,64,64,56,80,80,0.05269280076026908,fp16,1.0626072510021913,,,,success,1,sm75_xmma_fprop_implicit_gemm_f16f16_f16f16_f16_nhwckrsc_nhwc_tilesize64x64x64_stage1_warpsize2x2x1_g1_tensor16x8x8_simple_t1r1s1,0x62a22cfa1199e58e,CaskConvolution,50,80
200,,1,80,64,1,model.4.cv1.conv,Conv2d,0.03143408002331853,0.028912000358104706,64,64,64,80,80,0.0454559991136193,fp16,1.0297794250000152,0.030224000103771687,0.045379071991440284,,success,1,volta_h884gemm_64x64_ldg8_nn_v1,0x000000000002049f,CaskGemmConvolution,50,80
200,,1,80,8,3,model.4.m.0.cv1.conv,Conv2d,0.026540960054844617,0.02356800064444542,32,32,8,80,80,0.047702401317656025,fp16,0.8530201169996872,,,,success,1,sm75_xmma_fprop_implicit_gemm_indexed_wo_smem_f16f16_f16f16_f16_nhwckrsc_nhwc_tilesize128x16x64_stage1_warpsize4x1x1_g1_tensor16x8x8_alignc4,0x33509f977ccad5d4,CaskConvolution,50,80
200,,1,80,8,3,model.4.m.0.cv2.conv,Conv2d,0.026540960054844617,0.02356800064444542,32,32,8,80,80,0.047702401317656025,fp16,0.8530201169996872,,,,success,1,sm75_xmma_fprop_implicit_gemm_indexed_wo_smem_f16f16_f16f16_f16_nhwckrsc_nhwc_tilesize128x16x64_stage1_warpsize4x1x1_g1_tensor16x8x8_alignc4,0x33509f977ccad5d4,CaskConvolution,50,80
200,,1,80,8,3,model.4.m.1.cv1.conv,Conv2d,0.026540960054844617,0.02356800064444542,32,32,8,80,80,0.047702401317656025,fp16,0.8530201169996872,,,,success,1,sm75_xmma_fprop_implicit_gemm_indexed_wo_smem_f16f16_f16f16_f16_nhwckrsc_nhwc_tilesize128x16x64_stage1_warpsize4x1x1_g1_tensor16x8x8_alignc4,0x33509f977ccad5d4,CaskConvolution,50,80
200,,1,80,8,3,model.4.m.1.cv2.conv,Conv2d,0.026540960054844617,0.02356800064444542,32,32,8,80,80,0.047702401317656025,fp16,0.8530201169996872,,,,success,1,sm75_xmma_fprop_implicit_gemm_indexed_wo_smem_f16f16_f16f16_f16_nhwckrsc_nhwc_tilesize128x16x64_stage1_warpsize4x1x1_g1_tensor16x8x8_alignc4,0x33509f977ccad5d4,CaskConvolution,50,80
200,,1,80,8,3,model.4.m.0.cv1.conv,Conv2d,0.02620448002591729,0.024000000208616257,32,32,16,80,80,0.03803999889641999,fp16,0.8485077160003129,,,,success,1,sm75_xmma_fprop_implicit_gemm_indexed_wo_smem_f16f16_f16f16_f16_nhwckrsc_nhwc_tilesize128x32x16_stage1_warpsize4x1x1_g1_tensor16x8x8_aligna4_alignc2,0x3f39efeae897bab1,CaskConvolution,50,80
200,,1,80,8,3,model.4.m.0.cv2.conv,Conv2d,0.02620448002591729,0.024000000208616257,32,32,16,80,80,0.03803999889641999,fp16,0.8485077160003129,,,,success,1,sm75_xmma_fprop_implicit_gemm_indexed_wo_smem_f16f16_f16f16_f16_nhwckrsc_nhwc_tilesize128x32x16_stage1_warpsize4x1x1_g1_tensor16x8x8_aligna4_alignc2,0x3f39efeae897bab1,CaskConvolution,50,80
200,,1,80,8,3,model.4.m.1.cv1.conv,Conv2d,0.02620448002591729,0.024000000208616257,32,32,16,80,80,0.03803999889641999,fp16,0.8485077160003129,,,,success,1,sm75_xmma_fprop_implicit_gemm_indexed_wo_smem_f16f16_f16f16_f16_nhwckrsc_nhwc_tilesize128x32x16_stage1_warpsize4x1x1_g1_tensor16x8x8_aligna4_alignc2,0x3f39efeae897bab1,CaskConvolution,50,80
200,,1,80,8,3,model.4.m.1.cv2.conv,Conv2d,0.02620448002591729,0.024000000208616257,32,32,16,80,80,0.03803999889641999,fp16,0.8485077160003129,,,,success,1,sm75_xmma_fprop_implicit_gemm_indexed_wo_smem_f16f16_f16f16_f16_nhwckrsc_nhwc_tilesize128x32x16_stage1_warpsize4x1x1_g1_tensor16x8x8_aligna4_alignc2,0x3f39efeae897bab1,CaskConvolution,50,80
200,,1,80,8,3,model.4.m.0.cv1.conv,Conv2d,0.02803840004839003,0.02454400062561035,32,32,24,80,80,0.051399999670684315,fp16,0.8763473090002663,,,,success,1,sm75_xmma_fprop_implicit_gemm_indexed_wo_smem_f16f16_f16f16_f16_nhwckrsc_nhwc_tilesize128x16x64_stage1_warpsize4x1x1_g1_tensor16x8x8_aligna8_alignc8,0x65290447171854c8,CaskConvolution,50,80
200,,1,80,8,3,model.4.m.0.cv2.conv,Conv2d,0.02803840004839003,0.02454400062561035,32,32,24,80,80,0.051399999670684315,fp16,0.8763473090002663,,,,success,1,sm75_xmma_fprop_implicit_gemm_indexed_wo_smem_f16f16_f16f16_f16_nhwckrsc_nhwc_tilesize128x16x64_stage1_warpsize4x1x1_g1_tensor16x8x8_aligna8_alignc8,0x65290447171854c8,CaskConvolution,50,80
200,,1,80,8,3,model.4.m.1.cv1.conv,Conv2d,0.02803840004839003,0.02454400062561035,32,32,24,80,80,0.051399999670684315,fp16,0.8763473090002663,,,,success,1,sm75_xmma_fprop_implicit_gemm_indexed_wo_smem_f16f16_f16f16_f16_nhwckrsc_nhwc_tilesize128x16x64_stage1_warpsize4x1x1_g1_tensor16x8x8_aligna8_alignc8,0x65290447171854c8,CaskConvolution,50,80
200,,1,80,8,3,model.4.m.1.cv2.conv,Conv2d,0.02803840004839003,0.02454400062561035,32,32,24,80,80,0.051399999670684315,fp16,0.8763473090002663,,,,success,1,sm75_xmma_fprop_implicit_gemm_indexed_wo_smem_f16f16_f16f16_f16_nhwckrsc_nhwc_tilesize128x16x64_stage1_warpsize4x1x1_g1_tensor16x8x8_aligna8_alignc8,0x65290447171854c8,CaskConvolution,50,80
200,,1,80,8,3,model.4.m.0.cv1.conv,Conv2d,0.03118191994726658,0.027648000046610832,32,32,32,80,80,0.05267360117286438,fp16,0.8473652629982098,,,,success,1,sm75_xmma_fprop_implicit_gemm_indexed_wo_smem_f16f16_f16f16_f16_nhwckrsc_nhwc_tilesize128x16x32_stage1_warpsize4x1x1_g1_tensor16x8x8_aligna4_alignc4,0x8dd277d8855e5faf,CaskConvolution,50,80
200,,1,80,8,3,model.4.m.0.cv2.conv,Conv2d,0.03118191994726658,0.027648000046610832,32,32,32,80,80,0.05267360117286438,fp16,0.8473652629982098,,,,success,1,sm75_xmma_fprop_implicit_gemm_indexed_wo_smem_f16f16_f16f16_f16_nhwckrsc_nhwc_tilesize128x16x32_stage1_warpsize4x1x1_g1_tensor16x8x8_aligna4_alignc4,0x8dd277d8855e5faf,CaskConvolution,50,80
200,,1,80,8,3,model.4.m.1.cv1.conv,Conv2d,0.03118191994726658,0.027648000046610832,32,32,32,80,80,0.05267360117286438,fp16,0.8473652629982098,,,,success,1,sm75_xmma_fprop_implicit_gemm_indexed_wo_smem_f16f16_f16f16_f16_nhwckrsc_nhwc_tilesize128x16x32_stage1_warpsize4x1x1_g1_tensor16x8x8_aligna4_alignc4,0x8dd277d8855e5faf,CaskConvolution,50,80
200,,1,80,8,3,model.4.m.1.cv2.conv,Conv2d,0.03118191994726658,0.027648000046610832,32,32,32,80,80,0.05267360117286438,fp16,0.8473652629982098,,,,success,1,sm75_xmma_fprop_implicit_gemm_indexed_wo_smem_f16f16_f16f16_f16_nhwckrsc_nhwc_tilesize128x16x32_stage1_warpsize4x1x1_g1_tensor16x8x8_aligna4_alignc4,0x8dd277d8855e5faf,CaskConvolution,50,80
200,,1,80,16,3,model.4.m.0.cv1.conv,Conv2d,0.033012159960344435,0.024015999399125576,32,32,8,80,80,0.0683535985648632,fp16,0.8590072459992371,,,,success,1,sm75_xmma_fprop_implicit_gemm_indexed_wo_smem_f16f16_f16f16_f16_nhwckrsc_nhwc_tilesize128x16x64_stage1_warpsize4x1x1_g1_tensor16x8x8_aligna8_alignc2,0x660cb519404648f5,CaskConvolution,50,80
200,,1,80,16,3,model.4.m.0.cv2.conv,Conv2d,0.033012159960344435,0.024015999399125576,32,32,8,80,80,0.0683535985648632,fp16,0.8590072459992371,,,,success,1,sm75_xmma_fprop_implicit_gemm_indexed_wo_smem_f16f16_f16f16_f16_nhwckrsc_nhwc_tilesize128x16x64_stage1_warpsize4x1x1_g1_tensor16x8x8_aligna8_alignc2,0x660cb519404648f5,CaskConvolution,50,80
200,,1,80,16,3,model.4.m.1.cv1.conv,Conv2d,0.033012159960344435,0.024015999399125576,32,32,8,80,80,0.0683535985648632,fp16,0.8590072459992371,,,,success,1,sm75_xmma_fprop_implicit_gemm_indexed_wo_smem_f16f16_f16f16_f16_nhwckrsc_nhwc_tilesize128x16x64_stage1_warpsize4x1x1_g1_tensor16x8x8_aligna8_alignc2,0x660cb519404648f5,CaskConvolution,50,80
200,,1,80,16,3,model.4.m.1.cv2.conv,Conv2d,0.033012159960344435,0.024015999399125576,32,32,8,80,80,0.0683535985648632,fp16,0.8590072459992371,,,,success,1,sm75_xmma_fprop_implicit_gemm_indexed_wo_smem_f16f16_f16f16_f16_nhwckrsc_nhwc_tilesize128x16x64_stage1_warpsize4x1x1_g1_tensor16x8x8_aligna8_alignc2,0x660cb519404648f5,CaskConvolution,50,80
200,,1,80,16,3,model.4.m.0.cv1.conv,Conv2d,0.02687584014609456,0.02425600029528141,32,32,16,80,80,0.043116799741983375,fp16,0.858071981001558,,,,success,1,sm75_xmma_fprop_implicit_gemm_indexed_wo_smem_f16f16_f16f16_f16_nhwckrsc_nhwc_tilesize128x16x32_stage1_warpsize4x1x1_g1_tensor16x8x8_alignc8,0x69501656100171de,CaskConvolution,50,80
200,,1,80,16,3,model.4.m.0.cv2.conv,Conv2d,0.02687584014609456,0.02425600029528141,32,32,16,80,80,0.043116799741983375,fp16,0.858071981001558,,,,success,1,sm75_xmma_fprop_implicit_gemm_indexed_wo_smem_f16f16_f16f16_f16_nhwckrsc_nhwc_tilesize128x16x32_stage1_warpsize4x1x1_g1_tensor16x8x8_alignc8,0x69501656100171de,CaskConvolution,50,80
200,,1,80,16,3,model.4.m.1.cv1.conv,Conv2d,0.02687584014609456,0.02425600029528141,32,32,16,80,80,0.043116799741983375,fp16,0.858071981001558,,,,success,1,sm75_xmma_fprop_implicit_gemm_indexed_wo_smem_f16f16_f16f16_f16_nhwckrsc_nhwc_tilesize128x16x32_stage1_warpsize4x1x1_g1_tensor16x8x8_alignc8,0x69501656100171de,CaskConvolution,50,80
200,,1,80,16,3,model.4.m.1.cv2.conv,Conv2d,0.02687584014609456,0.02425600029528141,32,32,16,80,80,0.043116799741983375,fp16,0.858071981001558,,,,success,1,sm75_xmma_fprop_implicit_gemm_indexed_wo_smem_f16f16_f16f16_f16_nhwckrsc_nhwc_tilesize128x16x32_stage1_warpsize4x1x1_g1_tensor16x8x8_alignc8,0x69501656100171de,CaskConvolution,50,80
200,,1,80,16,3,model.4.m.0.cv1.conv,Conv2d,0.028985120095312594,0.02457600086927414,32,32,24,80,80,0.06154239848256108,fp16,0.8419940810017579,,,,success,1,sm75_xmma_fprop_implicit_gemm_indexed_wo_smem_f16f16_f16f16_f16_nhwckrsc_nhwc_tilesize128x16x64_stage1_warpsize4x1x1_g1_tensor16x8x8_aligna8_alignc4,0xe95840ca1789b69d,CaskConvolution,50,80
200,,1,80,16,3,model.4.m.0.cv2.conv,Conv2d,0.028985120095312594,0.02457600086927414,32,32,24,80,80,0.06154239848256108,fp16,0.8419940810017579,,,,success,1,sm75_xmma_fprop_implicit_gemm_indexed_wo_smem_f16f16_f16f16_f16_nhwckrsc_nhwc_tilesize128x16x64_stage1_warpsize4x1x1_g1_tensor16x8x8_aligna8_alignc4,0xe95840ca1789b69d,CaskConvolution,50,80
200,,1,80,16,3,model.4.m.1.cv1.conv,Conv2d,0.028985120095312594,0.02457600086927414,32,32,24,80,80,0.06154239848256108,fp16,0.8419940810017579,,,,success,1,sm75_xmma_fprop_implicit_gemm_indexed_wo_smem_f16f16_f16f16_f16_nhwckrsc_nhwc_tilesize128x16x64_stage1_warpsize4x1x1_g1_tensor16x8x8_aligna8_alignc4,0xe95840ca1789b69d,CaskConvolution,50,80
200,,1,80,16,3,model.4.m.1.cv2.conv,Conv2d,0.028985120095312594,0.02457600086927414,32,32,24,80,80,0.06154239848256108,fp16,0.8419940810017579,,,,success,1,sm75_xmma_fprop_implicit_gemm_indexed_wo_smem_f16f16_f16f16_f16_nhwckrsc_nhwc_tilesize128x16x64_stage1_warpsize4x1x1_g1_tensor16x8x8_aligna8_alignc4,0xe95840ca1789b69d,CaskConvolution,50,80
200,,1,80,16,3,model.4.m.0.cv1.conv,Conv2d,0.03475919995456934,0.030719999223947525,32,32,32,80,80,0.05890400074422356,fp16,0.8646690019995731,,,,success,1,sm75_xmma_fprop_implicit_gemm_indexed_wo_smem_f16f16_f16f16_f16_nhwckrsc_nhwc_tilesize128x32x64_stage1_warpsize4x1x1_g1_tensor16x8x8_aligna4_alignc4,0xd4e0dd17e4d87903,CaskConvolution,50,80
200,,1,80,16,3,model.4.m.0.cv2.conv,Conv2d,0.03475919995456934,0.030719999223947525,32,32,32,80,80,0.05890400074422356,fp16,0.8646690019995731,,,,success,1,sm75_xmma_fprop_implicit_gemm_indexed_wo_smem_f16f16_f16f16_f16_nhwckrsc_nhwc_tilesize128x32x64_stage1_warpsize4x1x1_g1_tensor16x8x8_aligna4_alignc4,0xd4e0dd17e4d87903,CaskConvolution,50,80
200,,1,80,16,3,model.4.m.1.cv1.conv,Conv2d,0.03475919995456934,0.030719999223947525,32,32,32,80,80,0.05890400074422356,fp16,0.8646690019995731,,,,success,1,sm75_xmma_fprop_implicit_gemm_indexed_wo_smem_f16f16_f16f16_f16_nhwckrsc_nhwc_tilesize128x32x64_stage1_warpsize4x1x1_g1_tensor16x8x8_aligna4_alignc4,0xd4e0dd17e4d87903,CaskConvolution,50,80
200,,1,80,16,3,model.4.m.1.cv2.conv,Conv2d,0.03475919995456934,0.030719999223947525,32,32,32,80,80,0.05890400074422356,fp16,0.8646690019995731,,,,success,1,sm75_xmma_fprop_implicit_gemm_indexed_wo_smem_f16f16_f16f16_f16_nhwckrsc_nhwc_tilesize128x32x64_stage1_warpsize4x1x1_g1_tensor16x8x8_aligna4_alignc4,0xd4e0dd17e4d87903,CaskConvolution,50,80
200,,1,80,24,3,model.4.m.0.cv1.conv,Conv2d,0.028118080059066415,0.02457600086927414,32,32,8,80,80,0.051390398852527074,fp16,0.8798320170026273,,,,success,1,sm75_xmma_fprop_implicit_gemm_indexed_wo_smem_f16f16_f16f16_f16_nhwckrsc_nhwc_tilesize128x16x64_stage1_warpsize4x1x1_g1_tensor16x8x8_alignc4,0x33509f977ccad5d4,CaskConvolution,50,80
200,,1,80,24,3,model.4.m.0.cv2.conv,Conv2d,0.028118080059066415,0.02457600086927414,32,32,8,80,80,0.051390398852527074,fp16,0.8798320170026273,,,,success,1,sm75_xmma_fprop_implicit_gemm_indexed_wo_smem_f16f16_f16f16_f16_nhwckrsc_nhwc_tilesize128x16x64_stage1_warpsize4x1x1_g1_tensor16x8x8_alignc4,0x33509f977ccad5d4,CaskConvolution,50,80
200,,1,80,24,3,model.4.m.1.cv1.conv,Conv2d,0.028118080059066415,0.02457600086927414,32,32,8,80,80,0.051390398852527074,fp16,0.8798320170026273,,,,success,1,sm75_xmma_fprop_implicit_gemm_indexed_wo_smem_f16f16_f16f16_f16_nhwckrsc_nhwc_tilesize128x16x64_stage1_warpsize4x1x1_g1_tensor16x8x8_alignc4,0x33509f977ccad5d4,CaskConvolution,50,80
200,,1,80,24,3,model.4.m.1.cv2.conv,Conv2d,0.028118080059066415,0.02457600086927414,32,32,8,80,80,0.051390398852527074,fp16,0.8798320170026273,,,,success,1,sm75_xmma_fprop_implicit_gemm_indexed_wo_smem_f16f16_f16f16_f16_nhwckrsc_nhwc_tilesize128x16x64_stage1_warpsize4x1x1_g1_tensor16x8x8_alignc4,0x33509f977ccad5d4,CaskConvolution,50,80
200,,1,80,24,3,model.4.m.0.cv1.conv,Conv2d,0.02801104022189975,0.024623999372124672,32,32,16,80,80,0.04487359896302223,fp16,0.8082926890019735,,,,success,1,sm75_xmma_fprop_implicit_gemm_indexed_wo_smem_f16f16_f16f16_f16_nhwckrsc_nhwc_tilesize128x16x64_stage1_warpsize4x1x1_g1_tensor16x8x8_alignc4,0x33509f977ccad5d4,CaskConvolution,50,80
200,,1,80,24,3,model.4.m.0.cv2.conv,Conv2d,0.02801104022189975,0.024623999372124672,32,32,16,80,80,0.04487359896302223,fp16,0.8082926890019735,,,,success,1,sm75_xmma_fprop_implicit_gemm_indexed_wo_smem_f16f16_f16f16_f16_nhwckrsc_nhwc_tilesize128x16x64_stage1_warpsize4x1x1_g1_tensor16x8x8_alignc4,0x33509f977ccad5d4,CaskConvolution,50,80
200,,1,80,24,3,model.4.m.1.cv1.conv,Conv2d,0.02801104022189975,0.024623999372124672,32,32,16,80,80,0.04487359896302223,fp16,0.8082926890019735,,,,success,1,sm75_xmma_fprop_implicit_gemm_indexed_wo_smem_f16f16_f16f16_f16_nhwckrsc_nhwc_tilesize128x16x64_stage1_warpsize4x1x1_g1_tensor16x8x8_alignc4,0x33509f977ccad5d4,CaskConvolution,50,80
200,,1,80,24,3,model.4.m.1.cv2.conv,Conv2d,0.02801104022189975,0.024623999372124672,32,32,16,80,80,0.04487359896302223,fp16,0.8082926890019735,,,,success,1,sm75_xmma_fprop_implicit_gemm_indexed_wo_smem_f16f16_f16f16_f16_nhwckrsc_nhwc_tilesize128x16x64_stage1_warpsize4x1x1_g1_tensor16x8x8_alignc4,0x33509f977ccad5d4,CaskConvolution,50,80
200,,1,80,24,3,model.4.m.0.cv1.conv,Conv2d,0.027264959923923016,0.026623999699950218,32,32,24,80,80,0.03382560033351182,fp16,0.828293926002516,,,,success,1,sm75_xmma_fprop_implicit_gemm_indexed_wo_smem_f16f16_f16f16_f16_nhwckrsc_nhwc_tilesize128x32x64_stage1_warpsize4x1x1_g1_tensor16x8x8_alignc4,0x49e0395ec5fc8474,CaskConvolution,50,80
200,,1,80,24,3,model.4.m.0.cv2.conv,Conv2d,0.027264959923923016,0.026623999699950218,32,32,24,80,80,0.03382560033351182,fp16,0.828293926002516,,,,success,1,sm75_xmma_fprop_implicit_gemm_indexed_wo_smem_f16f16_f16f16_f16_nhwckrsc_nhwc_tilesize128x32x64_stage1_warpsize4x1x1_g1_tensor16x8x8_alignc4,0x49e0395ec5fc8474,CaskConvolution,50,80
200,,1,80,24,3,model.4.m.1.cv1.conv,Conv2d,0.027264959923923016,0.026623999699950218,32,32,24,80,80,0.03382560033351182,fp16,0.828293926002516,,,,success,1,sm75_xmma_fprop_implicit_gemm_indexed_wo_smem_f16f16_f16f16_f16_nhwckrsc_nhwc_tilesize128x32x64_stage1_warpsize4x1x1_g1_tensor16x8x8_alignc4,0x49e0395ec5fc8474,CaskConvolution,50,80
200,,1,80,24,3,model.4.m.1.cv2.conv,Conv2d,0.027264959923923016,0.026623999699950218,32,32,24,80,80,0.03382560033351182,fp16,0.828293926002516,,,,success,1,sm75_xmma_fprop_implicit_gemm_indexed_wo_smem_f16f16_f16f16_f16_nhwckrsc_nhwc_tilesize128x32x64_stage1_warpsize4x1x1_g1_tensor16x8x8_alignc4,0x49e0395ec5fc8474,CaskConvolution,50,80
200,,1,80,24,3,model.4.m.0.cv1.conv,Conv2d,0.03855200003832579,0.03432000055909157,32,32,32,80,80,0.0635423995554447,fp16,0.8390783409995493,,,,success,1,sm75_xmma_fprop_implicit_gemm_indexed_wo_smem_f16f16_f16f16_f16_nhwckrsc_nhwc_tilesize128x16x32_stage1_warpsize4x1x1_g1_tensor16x8x8_aligna4_alignc4,0x8dd277d8855e5faf,CaskConvolution,50,80
200,,1,80,24,3,model.4.m.0.cv2.conv,Conv2d,0.03855200003832579,0.03432000055909157,32,32,32,80,80,0.0635423995554447,fp16,0.8390783409995493,,,,success,1,sm75_xmma_fprop_implicit_gemm_indexed_wo_smem_f16f16_f16f16_f16_nhwckrsc_nhwc_tilesize128x16x32_stage1_warpsize4x1x1_g1_tensor16x8x8_aligna4_alignc4,0x8dd277d8855e5faf,CaskConvolution,50,80
200,,1,80,24,3,model.4.m.1.cv1.conv,Conv2d,0.03855200003832579,0.03432000055909157,32,32,32,80,80,0.0635423995554447,fp16,0.8390783409995493,,,,success,1,sm75_xmma_fprop_implicit_gemm_indexed_wo_smem_f16f16_f16f16_f16_nhwckrsc_nhwc_tilesize128x16x32_stage1_warpsize4x1x1_g1_tensor16x8x8_aligna4_alignc4,0x8dd277d8855e5faf,CaskConvolution,50,80
200,,1,80,24,3,model.4.m.1.cv2.conv,Conv2d,0.03855200003832579,0.03432000055909157,32,32,32,80,80,0.0635423995554447,fp16,0.8390783409995493,,,,success,1,sm75_xmma_fprop_implicit_gemm_indexed_wo_smem_f16f16_f16f16_f16_nhwckrsc_nhwc_tilesize128x16x32_stage1_warpsize4x1x1_g1_tensor16x8x8_aligna4_alignc4,0x8dd277d8855e5faf,CaskConvolution,50,80
200,,1,80,32,3,model.4.m.0.cv1.conv,Conv2d,0.02767840010114014,0.02409599907696247,32,32,8,80,80,0.05949440132826563,fp16,0.8375503970019054,,,,success,1,sm75_xmma_fprop_implicit_gemm_indexed_wo_smem_f16f16_f16f16_f16_nhwckrsc_nhwc_tilesize128x16x64_stage1_warpsize4x1x1_g1_tensor16x8x8_alignc2,0xbc046a442b052bbc,CaskConvolution,50,80
200,,1,80,32,3,model.4.m.0.cv2.conv,Conv2d,0.02767840010114014,0.02409599907696247,32,32,8,80,80,0.05949440132826563,fp16,0.8375503970019054,,,,success,1,sm75_xmma_fprop_implicit_gemm_indexed_wo_smem_f16f16_f16f16_f16_nhwckrsc_nhwc_tilesize128x16x64_stage1_warpsize4x1x1_g1_tensor16x8x8_alignc2,0xbc046a442b052bbc,CaskConvolution,50,80
200,,1,80,32,3,model.4.m.1.cv1.conv,Conv2d,0.02767840010114014,0.02409599907696247,32,32,8,80,80,0.05949440132826563,fp16,0.8375503970019054,,,,success,1,sm75_xmma_fprop_implicit_gemm_indexed_wo_smem_f16f16_f16f16_f16_nhwckrsc_nhwc_tilesize128x16x64_stage1_warpsize4x1x1_g1_tensor16x8x8_alignc2,0xbc046a442b052bbc,CaskConvolution,50,80
200,,1,80,32,3,model.4.m.1.cv2.conv,Conv2d,0.02767840010114014,0.02409599907696247,32,32,8,80,80,0.05949440132826563,fp16,0.8375503970019054,,,,success,1,sm75_xmma_fprop_implicit_gemm_indexed_wo_smem_f16f16_f16f16_f16_nhwckrsc_nhwc_tilesize128x16x64_stage1_warpsize4x1x1_g1_tensor16x8x8_alignc2,0xbc046a442b052bbc,CaskConvolution,50,80
200,,1,80,32,3,model.4.m.0.cv1.conv,Conv2d,0.02530736004933715,0.02457600086927414,32,32,16,80,80,0.03450079821050167,fp16,0.8452621549986361,,,,success,1,sm75_xmma_fprop_implicit_gemm_indexed_wo_smem_f16f16_f16f16_f16_nhwckrsc_nhwc_tilesize128x16x64_stage1_warpsize4x1x1_g1_tensor16x8x8_alignc2,0xbc046a442b052bbc,CaskConvolution,50,80
200,,1,80,32,3,model.4.m.0.cv2.conv,Conv2d,0.02530736004933715,0.02457600086927414,32,32,16,80,80,0.03450079821050167,fp16,0.8452621549986361,,,,success,1,sm75_xmma_fprop_implicit_gemm_indexed_wo_smem_f16f16_f16f16_f16_nhwckrsc_nhwc_tilesize128x16x64_stage1_warpsize4x1x1_g1_tensor16x8x8_alignc2,0xbc046a442b052bbc,CaskConvolution,50,80
200,,1,80,32,3,model.4.m.1.cv1.conv,Conv2d,0.02530736004933715,0.02457600086927414,32,32,16,80,80,0.03450079821050167,fp16,0.8452621549986361,,,,success,1,sm75_xmma_fprop_implicit_gemm_indexed_wo_smem_f16f16_f16f16_f16_nhwckrsc_nhwc_tilesize128x16x64_stage1_warpsize4x1x1_g1_tensor16x8x8_alignc2,0xbc046a442b052bbc,CaskConvolution,50,80
200,,1,80,32,3,model.4.m.1.cv2.conv,Conv2d,0.02530736004933715,0.02457600086927414,32,32,16,80,80,0.03450079821050167,fp16,0.8452621549986361,,,,success,1,sm75_xmma_fprop_implicit_gemm_indexed_wo_smem_f16f16_f16f16_f16_nhwckrsc_nhwc_tilesize128x16x64_stage1_warpsize4x1x1_g1_tensor16x8x8_alignc2,0xbc046a442b052bbc,CaskConvolution,50,80
200,,1,80,32,3,model.4.m.0.cv1.conv,Conv2d,0.03143375998362899,0.026655999943614006,32,32,24,80,80,0.06609440334141252,fp16,0.8584283810014313,,,,success,1,sm75_xmma_fprop_implicit_gemm_indexed_wo_smem_f16f16_f16f16_f16_nhwckrsc_nhwc_tilesize128x32x64_stage1_warpsize4x1x1_g1_tensor16x8x8_alignc8,0xc5917dd3c56d6621,CaskConvolution,50,80
200,,1,80,32,3,model.4.m.0.cv2.conv,Conv2d,0.03143375998362899,0.026655999943614006,32,32,24,80,80,0.06609440334141252,fp16,0.8584283810014313,,,,success,1,sm75_xmma_fprop_implicit_gemm_indexed_wo_smem_f16f16_f16f16_f16_nhwckrsc_nhwc_tilesize128x32x64_stage1_warpsize4x1x1_g1_tensor16x8x8_alignc8,0xc5917dd3c56d6621,CaskConvolution,50,80
200,,1,80,32,3,model.4.m.1.cv1.conv,Conv2d,0.03143375998362899,0.026655999943614006,32,32,24,80,80,0.06609440334141252,fp16,0.8584283810014313,,,,success,1,sm75_xmma_fprop_implicit_gemm_indexed_wo_smem_f16f16_f16f16_f16_nhwckrsc_nhwc_tilesize128x32x64_stage1_warpsize4x1x1_g1_tensor16x8x8_alignc8,0xc5917dd3c56d6621,CaskConvolution,50,80
200,,1,80,32,3,model.4.m.1.cv2.conv,Conv2d,0.03143375998362899,0.026655999943614006,32,32,24,80,80,0.06609440334141252,fp16,0.8584283810014313,,,,success,1,sm75_xmma_fprop_implicit_gemm_indexed_wo_smem_f16f16_f16f16_f16_nhwckrsc_nhwc_tilesize128x32x64_stage1_warpsize4x1x1_g1_tensor16x8x8_alignc8,0xc5917dd3c56d6621,CaskConvolution,50,80
200,,1,80,32,3,model.4.m.0.cv1.conv,Conv2d,0.032366559905931354,0.031568000093102455,32,32,32,80,80,0.03573279995471238,fp16,0.875278994000837,0.032735999673604965,0.036999479759812715,,success,1,volta_fp16x2_hcudnn_winograd_fp16x2_128x128_ldg1_ldg4_relu_tile148t_nt_v1,0xd46b3ee2b59f893c,CaskConvolution,50,80
200,,1,80,32,3,model.4.m.0.cv2.conv,Conv2d,0.032366559905931354,0.031568000093102455,32,32,32,80,80,0.03573279995471238,fp16,0.875278994000837,0.032735999673604965,0.036999479759812715,,success,1,volta_fp16x2_hcudnn_winograd_fp16x2_128x128_ldg1_ldg4_relu_tile148t_nt_v1,0xd46b3ee2b59f893c,CaskConvolution,50,80
200,,1,80,32,3,model.4.m.1.cv1.conv,Conv2d,0.032366559905931354,0.031568000093102455,32,32,32,80,80,0.03573279995471238,fp16,0.875278994000837,0.032735999673604965,0.036999479759812715,,success,1,volta_fp16x2_hcudnn_winograd_fp16x2_128x128_ldg1_ldg4_relu_tile148t_nt_v1,0xd46b3ee2b59f893c,CaskConvolution,50,80
200,,1,80,32,3,model.4.m.1.cv2.conv,Conv2d,0.032366559905931354,0.031568000093102455,32,32,32,80,80,0.03573279995471238,fp16,0.875278994000837,0.032735999673604965,0.036999479759812715,,success,1,volta_fp16x2_hcudnn_winograd_fp16x2_128x128_ldg1_ldg4_relu_tile148t_nt_v1,0xd46b3ee2b59f893c,CaskConvolution,50,80
200,,1,80,32,1,model.4.cv2.conv,Conv2d,0.027117600087076425,0.023711999878287315,128,64,16,80,80,0.04765120092779379,fp16,0.09043138700144482,,,,success,1,sm75_xmma_fprop_implicit_gemm_indexed_wo_smem_f16f16_f16f16_f16_nhwckrsc_nhwc_tilesize128x32x64_stage1_warpsize4x1x1_g1_tensor16x8x8_aligna4_alignc8,0x5891999ae4499b56,CaskConvolution,50,80
200,,1,80,32,1,model.4.cv2.conv,Conv2d,0.028988799965009093,0.02659199945628643,128,64,32,80,80,0.044691201113164415,fp16,0.09085853099895758,,,,success,1,volta_hcudnn_128x128_relu_interior_nn_v1,0x0ccb6665868f9bd5,CaskConvolution,50,80
200,,1,80,32,1,model.4.cv2.conv,Conv2d,0.024542560093104838,0.023599999956786633,128,64,48,80,80,0.0315664017572999,fp16,0.08689172300000791,,,,success,1,sm75_xmma_fprop_implicit_gemm_indexed_wo_smem_f16f16_f16f16_f16_nhwckrsc_nhwc_tilesize128x32x16_stage1_warpsize4x1x1_g1_tensor16x8x8_aligna8_alignc8,0x39a3504f7eeb810b,CaskConvolution,50,80
200,,1,80,32,1,model.4.cv2.conv,Conv2d,0.029191039986908435,0.02723200060427189,128,64,64,80,80,0.04053439926356076,fp16,0.08822429599968018,,,,success,1,volta_hcudnn_128x128_relu_interior_nn_v1,0x0ccb6665868f9bd5,CaskConvolution,50,80
200,,1,80,64,1,model.4.cv2.conv,Conv2d,0.02640272001735866,0.023120000027120113,128,64,16,80,80,0.04929759912192821,fp16,0.09542438000062248,,,,success,1,sm75_xmma_fprop_implicit_gemm_f16f16_f16f16_f16_nhwckrsc_nhwc_tilesize128x32x32_stage1_warpsize4x1x1_g1_tensor16x8x8_simple_t1r1s1,0x0129597ad9bbff14,CaskConvolution,50,80
200,,1,80,64,1,model.4.cv2.conv,Conv2d,0.03147472003474831,0.02860799990594387,128,64,32,80,80,0.05546560119837522,fp16,0.09465820399782388,,,,success,1,turing_fp16x2_hcudnn_fp16x2_128x32_relu_small_nn_v1,0xacaaec9cc8134f6f,CaskConvolution,50,80
200,,1,80,64,1,model.4.cv2.conv,Conv2d,0.03101279999129474,0.027327999472618103,128,64,48,80,80,0.05529920011758804,fp16,0.0947538420005003,,,,success,1,turing_h1688cudnn_256x64_ldg8_relu_exp_interior_nhwc_tn_v1,0x3f3840edab5c9d44,CaskConvolution,50,80
200,,1,80,64,1,model.4.cv2.conv,Conv2d,0.03820256011560559,0.032336000353097916,128,64,64,80,80,0.06487040147185322,fp16,0.10102750199803268,,,,success,1,volta_h884gemm_64x64_ldg8_nn_v1,0x000000000002049f,CaskGemmConvolution,50,80
200,,1,80,96,1,model.4.cv2.conv,Conv2d,0.0327551999501884,0.027664000168442726,128,64,16,80,80,0.05745120067149397,fp16,1.029056326002319,,,,success,1,sm75_xmma_fprop_implicit_gemm_indexed_f16f16_f16f16_f16_nhwckrsc_nhwc_tilesize128x32x32_stage1_warpsize4x1x1_g1_tensor16x8x8,0xa13cdf70a9d99d45,CaskConvolution,50,80
200,,1,80,96,1,model.4.cv2.conv,Conv2d,0.035689439959824085,0.03223999962210655,128,64,32,80,80,0.05765919890254733,fp16,1.0202868490014225,,,,success,1,turing_fp16x2_hcudnn_fp16x2_128x32_relu_small_nn_v1,0xacaaec9cc8134f6f,CaskConvolution,50,80
200,,1,80,96,1,model.4.cv2.conv,Conv2d,0.040774080008268355,0.036079999059438705,128,64,48,80,80,0.0631823968142271,fp16,0.9929264550009975,,,,success,1,sm75_xmma_fprop_implicit_gemm_f16f16_f16f16_f16_nhwckrsc_nhwc_tilesize128x32x32_stage1_warpsize4x1x1_g1_tensor16x8x8_simple_t1r1s1,0x0129597ad9bbff14,CaskConvolution,50,80
200,,1,80,96,1,model.4.cv2.conv,Conv2d,0.0434295997582376,0.04095999896526337,128,64,64,80,80,0.055561601184308494,fp16,0.9875100380013464,,,,success,1,sm75_xmma_fprop_implicit_gemm_indexed_f16f16_f16f16_f16_nhwckrsc_nhwc_tilesize128x64x32_stage1_warpsize2x2x1_g1_tensor16x8x8,0x69a5b2ac9c5bac16,CaskConvolution,50,80
200,,1,80,128,1,model.4.cv2.conv,Conv2d,0.03355856003239751,0.02691200003027916,128,64,8,80,80,0.06553919985890388,fp16,1.042597832998581,,,,success,1,sm75_xmma_fprop_implicit_gemm_f16f16_f16f16_f16_nhwckrsc_nhwc_tilesize64x32x64_stage1_warpsize2x1x2_g1_tensor16x8x8_simple_t1r1s1,0x017a89ce2d82b850,CaskConvolution,50,80
200,,1,80,128,1,model.4.cv2.conv,Conv2d,0.031297920122742656,0.028495999984443188,128,64,16,80,80,0.04712000098079443,fp16,0.9985642009996809,,,,success,1,sm75_xmma_gemm_f16f16_f16f16_f16_tn_n_tilesize64x32x64_stage1_warpsize2x2x1_tensor16x8x8,0x00000000000203a2,CaskGemmConvolution,50,80
200,,1,80,128,1,model.4.cv2.conv,Conv2d,0.03663583995774388,0.03308799862861633,128,64,24,80,80,0.056766399927437296,fp16,1.021882787001232,,,,success,1,sm75_xmma_fprop_implicit_gemm_f16f16_f16f16_f16_nhwckrsc_nhwc_tilesize128x32x32_stage1_warpsize4x1x1_g1_tensor16x8x8_simple_t1r1s1,0x0129597ad9bbff14,CaskConvolution,50,80
200,,1,80,128,1,model.4.cv2.conv,Conv2d,0.03969120021909475,0.03686400130391121,128,64,32,80,80,0.055297600105404854,fp16,0.9890899010024441,,,,success,1,sm75_xmma_fprop_implicit_gemm_f16f16_f16f16_f16_nhwckrsc_nhwc_tilesize64x32x64_stage1_warpsize2x1x2_g1_tensor16x8x8_simple_t1r1s1,0x017a89ce2d82b850,CaskConvolution,50,80
200,,1,80,128,1,model.4.cv2.conv,Conv2d,0.04159952001646161,0.03891199827194214,128,64,40,80,80,0.05606079827994107,fp16,0.9855361709996941,,,,success,1,sm75_xmma_gemm_f16f16_f16f16_f16_tn_n_tilesize64x64x64_stage1_warpsize2x2x1_tensor16x8x8,0x00000000000204d9,CaskGemmConvolution,50,80
200,,1,80,128,1,model.4.cv2.conv,Conv2d,0.042449439875781536,0.04012800008058548,128,64,48,80,80,0.05347200073301791,fp16,0.9898403090010106,,,,success,1,sm75_xmma_gemm_f16f16_f16f16_f16_tn_n_tilesize64x64x64_stage1_warpsize2x2x1_tensor16x8x8,0x00000000000204d9,CaskGemmConvolution,50,80
200,,1,80,128,1,model.4.cv2.conv,Conv2d,0.04486831983551383,0.041519999504089355,128,64,56,80,80,0.05956160146743053,fp16,1.014170610000292,,,,success,1,sm75_xmma_gemm_f16f16_f16f16_f16_tn_n_tilesize64x64x64_stage1_warpsize2x2x1_tensor16x8x8,0x00000000000204d9,CaskGemmConvolution,50,80
200,,1,80,128,1,model.4.cv2.conv,Conv2d,0.0486052799411118,0.043455999344587326,128,64,64,80,80,0.07182080112397662,fp16,1.012585503001901,0.04476799815893173,0.030191431197815095,,success,1,sm75_xmma_gemm_f16f16_f16f16_f16_nn_n_tilesize64x64x64_stage1_warpsize2x2x1_tensor16x8x8,0x00000000000204c8,CaskGemmConvolution,50,80
200,,1,80,16,3,model.5.conv,Conv2d,0.03266767988912761,0.030719999223947525,64,128,32,40,40,0.041492798924446087,fp16,0.816381773998728,,,,success,2,volta_hcudnn_128x128_relu_small_nn_v1,0x94dc70026a3bd827,CaskConvolution,50,80
200,,1,80,16,3,model.5.conv,Conv2d,0.03217599997296929,0.031199999153614044,64,128,64,40,40,0.03806399926543235,fp16,0.7715438509985688,,,,success,2,volta_hcudnn_128x128_relu_small_nn_v1,0x94dc70026a3bd827,CaskConvolution,50,80
200,,1,80,16,3,model.5.conv,Conv2d,0.030950559908524154,0.030400000512599945,64,128,96,40,40,0.037087999284267426,fp16,0.7678815069994016,,,,success,2,volta_hcudnn_128x128_relu_small_nn_v1,0x94dc70026a3bd827,CaskConvolution,50,80
200,,1,80,16,3,model.5.conv,Conv2d,0.03472800005227327,0.033536000177264214,64,128,128,40,40,0.03989600148051975,fp16,0.7867199479987903,,,,success,2,volta_hcudnn_128x128_relu_small_nn_v1,0x94dc70026a3bd827,CaskConvolution,50,80
200,,1,80,32,3,model.5.conv,Conv2d,0.02850192004814744,0.02457600086927414,64,128,32,40,40,0.059473601356148695,fp16,0.7324354090014822,,,,success,2,sm75_xmma_fprop_implicit_gemm_indexed_wo_smem_f16f16_f16f16_f16_nhwckrsc_nhwc_tilesize128x16x64_stage1_warpsize4x1x1_g1_tensor16x8x8_alignc4,0x33509f977ccad5d4,CaskConvolution,50,80
200,,1,80,32,3,model.5.conv,Conv2d,0.026513440143316983,0.024768000468611717,64,128,64,40,40,0.0370319988578558,fp16,0.7347961170016788,,,,success,2,sm75_xmma_fprop_implicit_gemm_f16f16_f16f16_f16_nhwckrsc_nhwc_tilesize128x32x32_stage1_warpsize4x1x1_g1_tensor16x8x8_t1r3s3,0xcb7b50f35a87094b,CaskConvolution,50,80
200,,1,80,32,3,model.5.conv,Conv2d,0.029648960018530488,0.026623999699950218,64,128,96,40,40,0.04937280118465414,fp16,0.7529056739986117,,,,success,2,sm75_xmma_fprop_implicit_gemm_indexed_wo_smem_f16f16_f16f16_f16_nhwckrsc_nhwc_tilesize128x32x64_stage1_warpsize4x1x1_g1_tensor16x8x8_alignc8,0xc5917dd3c56d6621,CaskConvolution,50,80
200,,1,80,32,3,model.5.conv,Conv2d,0.033287200098857286,0.029424000531435013,64,128,128,40,40,0.05692960042506452,fp16,0.7300986839982215,,,,success,2,sm75_xmma_fprop_implicit_gemm_f16f16_f16f16_f16_nhwckrsc_nhwc_tilesize64x128x32_stage1_warpsize2x2x1_g1_tensor16x8x8_t1r3s3,0xb307bc772518d3d7,CaskConvolution,50,80
200,,1,80,48,3,model.5.conv,Conv2d,0.02798672018572688,0.025119999423623085,64,128,32,40,40,0.04302559960633516,fp16,0.7716834809980355,,,,success,2,sm75_xmma_fprop_implicit_gemm_f16f16_f16f16_f16_nhwckrsc_nhwc_tilesize64x32x64_stage1_warpsize2x1x2_g1_tensor16x8x8_t1r3s3,0x5252dc6c9c5f3aff,CaskConvolution,50,80
200,,1,80,48,3,model.5.conv,Conv2d,0.031180960051715376,0.028416000306606293,64,128,64,40,40,0.0509264001622796,fp16,0.7348611119996349,,,,success,2,sm75_xmma_fprop_implicit_gemm_f16f16_f16f16_f16_nhwckrsc_nhwc_tilesize64x64x64_stage1_warpsize2x2x1_g1_tensor16x8x8_t1r3s3,0x6cee4d9c86b4cdd5,CaskConvolution,50,80
200,,1,80,48,3,model.5.conv,Conv2d,0.03424543980509043,0.030719999223947525,64,128,96,40,40,0.05326399952173232,fp16,0.7223326969979098,,,,success,2,sm75_xmma_fprop_implicit_gemm_f16f16_f16f16_f16_nhwckrsc_nhwc_tilesize64x32x64_stage1_warpsize2x1x2_g1_tensor16x8x8_t1r3s3,0x5252dc6c9c5f3aff,CaskConvolution,50,80
200,,1,80,48,3,model.5.conv,Conv2d,0.03432191988453269,0.033296000212430954,64,128,128,40,40,0.03744000159204005,fp16,0.7202229970025655,,,,success,2,sm75_xmma_fprop_implicit_gemm_indexed_wo_smem_f16f16_f16f16_f16_nhwckrsc_nhwc_tilesize128x32x64_stage1_warpsize4x1x1_g1_tensor16x8x8_alignc8,0xc5917dd3c56d6621,CaskConvolution,50,80
200,,1,80,64,3,model.5.conv,Conv2d,0.025977120250463486,0.02457600086927414,64,128,8,40,40,0.032897600904107094,fp16,0.5489241169998422,,,,success,2,sm75_xmma_fprop_implicit_gemm_f16f16_f16f16_f16_nhwckrsc_nhwc_tilesize64x32x64_stage1_warpsize2x1x2_g1_tensor16x8x8_t1r3s3,0x5252dc6c9c5f3aff,CaskConvolution,50,80
200,,1,80,64,3,model.5.conv,Conv2d,0.02841760026291013,0.024768000468611717,64,128,16,40,40,0.051320001110434436,fp16,0.559467514998687,,,,success,2,sm75_xmma_fprop_implicit_gemm_indexed_f16f16_f16f16_f16_nhwckrsc_nhwc_tilesize64x32x64_stage1_warpsize2x1x2_g1_tensor16x8x8,0x75585ae3e9dedb93,CaskConvolution,50,80
200,,1,80,64,3,model.5.conv,Conv2d,0.02638480007648468,0.02513599954545498,64,128,24,40,40,0.034566398710012436,fp16,0.5394207850004022,,,,success,2,sm75_xmma_fprop_implicit_gemm_indexed_f16f16_f16f16_f16_nhwckrsc_nhwc_tilesize64x32x64_stage1_warpsize2x1x2_g1_tensor16x8x8,0x75585ae3e9dedb93,CaskConvolution,50,80
200,,1,80,64,3,model.5.conv,Conv2d,0.029624639991670847,0.026448000222444534,64,128,32,40,40,0.04973599854856728,fp16,0.5420233799995913,,,,success,2,sm75_xmma_fprop_implicit_gemm_indexed_f16f16_f16f16_f16_nhwckrsc_nhwc_tilesize64x32x64_stage1_warpsize2x1x2_g1_tensor16x8x8,0x75585ae3e9dedb93,CaskConvolution,50,80
200,,1,80,64,3,model.5.conv,Conv2d,0.027940479945391415,0.02675200067460537,64,128,40,40,40,0.029313600808382002,fp16,0.548716211997089,,,,success,2,sm75_xmma_fprop_implicit_gemm_f16f16_f16f16_f16_nhwckrsc_nhwc_tilesize64x64x64_stage1_warpsize2x2x1_g1_tensor16x8x8_t1r3s3,0x6cee4d9c86b4cdd5,CaskConvolution,50,80
200,,1,80,64,3,model.5.conv,Conv2d,0.03016191995702684,0.027936000376939774,64,128,48,40,40,0.04906880073249339,fp16,0.5471179019987176,,,,success,2,sm75_xmma_fprop_implicit_gemm_f16f16_f16f16_f16_nhwckrsc_nhwc_tilesize64x64x64_stage1_warpsize2x2x1_g1_tensor16x8x8_t1r3s3,0x6cee4d9c86b4cdd5,CaskConvolution,50,80
200,,1,80,64,3,model.5.conv,Conv2d,0.033220000127330424,0.028672000393271446,64,128,56,40,40,0.0620175989344716,fp16,0.5430652930008364,,,,success,2,sm75_xmma_fprop_implicit_gemm_f16f16_f16f16_f16_nhwckrsc_nhwc_tilesize64x64x64_stage1_warpsize2x2x1_g1_tensor16x8x8,0x58eea09dffe038fd,CaskConvolution,50,80
200,,1,80,64,3,model.5.conv,Conv2d,0.031185439936816692,0.030704000033438206,64,128,64,40,40,0.033440001308918,fp16,0.5362108660010563,,,,success,2,sm70_xmma_fprop_implicit_gemm_f16f16_f16f16_f16_nhwckrsc_nhwc_tilesize64x64x64_stage1_warpsize2x2x1_g1_tensor8x8x4_t1r3s3,0x03512591e8ea2977,CaskConvolution,50,80
200,,1,80,64,3,model.5.conv,Conv2d,0.03299967987462878,0.030079999938607216,64,128,72,40,40,0.049199998378753655,fp16,0.5626626670018595,,,,success,2,sm75_xmma_fprop_implicit_gemm_f16f16_f16f16_f16_nhwckrsc_nhwc_tilesize64x32x64_stage1_warpsize2x1x2_g1_tensor16x8x8_t1r3s3,0x5252dc6c9c5f3aff,CaskConvolution,50,80
200,,1,80,64,3,model.5.conv,Conv2d,0.035428799921646714,0.030479999259114265,64,128,80,40,40,0.06154559850692745,fp16,0.5510149620022275,,,,success,2,sm75_xmma_fprop_implicit_gemm_f16f16_f16f16_f16_nhwckrsc_nhwc_tilesize64x32x64_stage1_warpsize2x1x2_g1_tensor16x8x8_t1r3s3,0x5252dc6c9c5f3aff,CaskConvolution,50,80
200,,1,80,64,3,model.5.conv,Conv2d,0.034117279890924695,0.032896000891923904,64,128,88,40,40,0.04273440111428499,fp16,0.566636434999964,,,,success,2,sm75_xmma_fprop_implicit_gemm_f16f16_f16f16_f16_nhwckrsc_nhwc_tilesize64x32x64_stage1_warpsize2x1x2_g1_tensor16x8x8_t1r3s3,0x5252dc6c9c5f3aff,CaskConvolution,50,80
200,,1,80,64,3,model.5.conv,Conv2d,0.03350927978754044,0.030719999223947525,64,128,96,40,40,0.0512015987187624,fp16,0.5230075560029945,,,,success,2,sm75_xmma_fprop_implicit_gemm_f16f16_f16f16_f16_nhwckrsc_nhwc_tilesize64x32x64_stage1_warpsize2x1x2_g1_tensor16x8x8_t1r3s3,0x5252dc6c9c5f3aff,CaskConvolution,50,80
200,,1,80,64,3,model.5.conv,Conv2d,0.03995376039296389,0.03686400130391121,64,128,104,40,40,0.056753598526120115,fp16,0.5630279479992168,,,,success,2,sm75_xmma_fprop_implicit_gemm_f16f16_f16f16_f16_nhwckrsc_nhwc_tilesize64x64x64_stage1_warpsize2x2x1_g1_tensor16x8x8_t1r3s3,0x6cee4d9c86b4cdd5,CaskConvolution,50,80
200,,1,80,64,3,model.5.conv,Conv2d,0.03598671995103359,0.03299200162291527,64,128,112,40,40,0.05130239874124524,fp16,0.5496520369997597,,,,success,2,sm75_xmma_fprop_implicit_gemm_f16f16_f16f16_f16_nhwckrsc_nhwc_tilesize64x64x64_stage1_warpsize2x2x1_g1_tensor16x8x8_t1r3s3,0x6cee4d9c86b4cdd5,CaskConvolution,50,80
200,,1,80,64,3,model.5.conv,Conv2d,0.04060032023116946,0.037087999284267426,64,128,120,40,40,0.05682079959660764,fp16,0.5599166019965196,,,,success,2,sm75_xmma_fprop_implicit_gemm_f16f16_f16f16_f16_nhwckrsc_nhwc_tilesize64x64x64_stage1_warpsize2x2x1_g1_tensor16x8x8_t1r3s3,0x6cee4d9c86b4cdd5,CaskConvolution,50,80
200,,1,80,64,3,model.5.conv,Conv2d,0.034983519967645406,0.033952001482248306,64,128,128,40,40,0.0393199995160102,fp16,0.5341864689980866,0.03481600061058998,0.025447664073454224,,success,2,sm75_xmma_fprop_implicit_gemm_f16f16_f16f16_f16_nhwckrsc_nhwc_tilesize64x64x64_stage1_warpsize2x2x1_g1_tensor16x8x8_t1r3s3,0x6cee4d9c86b4cdd5,CaskConvolution,50,80
200,,1,40,32,1,model.6.cv1.conv,Conv2d,0.021517919851467015,0.020640000700950623,128,128,32,40,40,0.025491199549287517,fp16,1.2178221280009893,,,,success,1,volta_hcudnn_128x128_relu_small_nn_v1,0x94dc70026a3bd827,CaskConvolution,50,40
200,,1,40,32,1,model.6.cv1.conv,Conv2d,0.027470720084384084,0.024288000538945198,128,128,64,40,40,0.04888159856200213,fp16,1.2163495860004332,,,,success,1,volta_hcudnn_128x128_relu_interior_nn_v1,0x0ccb6665868f9bd5,CaskConvolution,50,40
200,,1,40,32,1,model.6.cv1.conv,Conv2d,0.02373887997120619,0.021263999864459038,128,128,96,40,40,0.04293120168149466,fp16,1.266029811999033,,,,success,1,volta_hcudnn_128x128_relu_small_nn_v1,0x94dc70026a3bd827,CaskConvolution,50,40
200,,1,40,32,1,model.6.cv1.conv,Conv2d,0.02719680001027882,0.025151999667286873,128,128,128,40,40,0.03673439864069216,fp16,1.1923440089994983,,,,success,1,volta_hcudnn_128x128_relu_interior_nn_v1,0x0ccb6665868f9bd5,CaskConvolution,50,40
200,,1,40,64,1,model.6.cv1.conv,Conv2d,0.03046031997539103,0.027759999968111515,128,128,32,40,40,0.04749600030481815,fp16,1.0543205920002947,,,,success,1,volta_hcudnn_128x128_relu_interior_nn_v1,0x0ccb6665868f9bd5,CaskConvolution,50,40
200,,1,40,64,1,model.6.cv1.conv,Conv2d,0.03006704001687467,0.027904000133275986,128,128,64,40,40,0.04380000177770852,fp16,1.0158166750006785,,,,success,1,volta_hcudnn_128x128_relu_small_nn_v1,0x94dc70026a3bd827,CaskConvolution,50,40
200,,1,40,64,1,model.6.cv1.conv,Conv2d,0.026443040138110517,0.024351999163627625,128,128,96,40,40,0.04095999896526337,fp16,1.0724654459991143,,,,success,1,volta_hcudnn_128x128_relu_interior_nn_v1,0x0ccb6665868f9bd5,CaskConvolution,50,40
200,,1,40,64,1,model.6.cv1.conv,Conv2d,0.029992479933425784,0.027216000482439995,128,128,128,40,40,0.04506560042500496,fp16,1.0586718839986133,,,,success,1,volta_hcudnn_128x128_relu_medium_nn_v1,0xd74356270b3a903a,CaskConvolution,50,40
200,,1,40,96,1,model.6.cv1.conv,Conv2d,0.02810719997622073,0.026623999699950218,128,128,32,40,40,0.039089599438011643,fp16,1.0147639239985438,,,,success,1,volta_hcudnn_128x128_relu_interior_nn_v1,0x0ccb6665868f9bd5,CaskConvolution,50,40
200,,1,40,96,1,model.6.cv1.conv,Conv2d,0.03213296004571021,0.02969600073993206,128,128,64,40,40,0.04650880005210638,fp16,1.0187796339996567,,,,success,1,volta_hcudnn_128x128_relu_interior_nn_v1,0x0ccb6665868f9bd5,CaskConvolution,50,40
200,,1,40,96,1,model.6.cv1.conv,Conv2d,0.02835728004574776,0.02755199931561947,128,128,96,40,40,0.030969600938260546,fp16,1.0389125580004475,,,,success,1,volta_hcudnn_128x128_relu_medium_nn_v1,0xd74356270b3a903a,CaskConvolution,50,40
200,,1,40,96,1,model.6.cv1.conv,Conv2d,0.030905439965426922,0.029888000339269638,128,128,128,40,40,0.037043198943138116,fp16,1.0244040730030974,,,,success,1,volta_hcudnn_128x128_relu_small_nn_v1,0x94dc70026a3bd827,CaskConvolution,50,40
200,,1,40,128,1,model.6.cv1.conv,Conv2d,0.024041120065376162,0.022784000262618065,128,128,8,40,40,0.032892800681293,fp16,1.1020418740008608,,,,success,1,sm50_xmma_conv_fprop_fused_conv_act_fp16_NCxHW2_fp16_NCxHW2_KCRS_fp16_fp16_fp16_Acchalf2_2_2_cC2_dC2_srcVec4_fltVec1_1_TP2_TQ7_C4_R1_S1_U1_V1,0xc3782e03589ca145,CaskConvolution,50,40
200,,1,40,128,1,model.6.cv1.conv,Conv2d,0.02656640011817217,0.023744000121951103,128,128,16,40,40,0.04300159867852922,fp16,1.0683121610018134,,,,success,1,sm75_xmma_fprop_implicit_gemm_f16f16_f16f16_f16_nhwckrsc_nhwc_tilesize64x32x64_stage1_warpsize2x1x2_g1_tensor16x8x8_simple_t1r1s1,0x017a89ce2d82b850,CaskConvolution,50,40
200,,1,40,128,1,model.6.cv1.conv,Conv2d,0.026588319968432188,0.02252800017595291,128,128,24,40,40,0.05300639998167747,fp16,1.0877588679977634,,,,success,1,sm75_xmma_gemm_f16f16_f16f16_f16_tn_n_tilesize64x32x64_stage1_warpsize2x2x1_tensor16x8x8,0x00000000000203a2,CaskGemmConvolution,50,40
200,,1,40,128,1,model.6.cv1.conv,Conv2d,0.024555840035900472,0.02252800017595291,128,128,32,40,40,0.035364801064133644,fp16,1.0396116070005519,,,,success,1,sm75_xmma_gemm_f16f16_f16f16_f16_nn_n_tilesize32x32x64_stage1_warpsize2x2x1_tensor16x8x8,0x00000000000205c4,CaskGemmConvolution,50,40
200,,1,40,128,1,model.6.cv1.conv,Conv2d,0.029620960019528866,0.028543999418616295,128,128,40,40,40,0.039049599319696426,fp16,1.1019217049979488,,,,success,1,volta_hcudnn_128x128_relu_interior_nn_v1,0x0ccb6665868f9bd5,CaskConvolution,50,40
200,,1,40,128,1,model.6.cv1.conv,Conv2d,0.027932479940354825,0.026623999699950218,128,128,48,40,40,0.03456479832530019,fp16,1.0611044489996857,,,,success,1,sm50_xmma_conv_fprop_fused_conv_act_fp16_NCxHW2_fp16_NCxHW2_KCRS_fp16_fp16_fp16_Acchalf2_2_2_cC2_dC2_srcVec2_fltVec2_2_TP2_TQ9_C4_R1_S1_U1_V1,0x54bebefee78f9fc4,CaskConvolution,50,40
200,,1,40,128,1,model.6.cv1.conv,Conv2d,0.02609104011207819,0.023439999669790268,128,128,56,40,40,0.0423248017206788,fp16,1.0945421059986984,,,,success,1,sm75_xmma_gemm_f16f16_f16f16_f16_nn_n_tilesize64x64x64_stage1_warpsize2x2x1_tensor16x8x8,0x00000000000204c8,CaskGemmConvolution,50,40
200,,1,40,128,1,model.6.cv1.conv,Conv2d,0.024003360075876116,0.022784000262618065,128,128,64,40,40,0.034451201371848574,fp16,1.0722450319990458,,,,success,1,sm75_xmma_fprop_implicit_gemm_f16f16_f16f16_f16_nhwckrsc_nhwc_tilesize64x64x64_stage1_warpsize2x2x1_g1_tensor16x8x8_t1r1s1,0xe67db95e0c20b618,CaskConvolution,50,40
200,,1,40,128,1,model.6.cv1.conv,Conv2d,0.02613488013856113,0.024447999894618988,128,128,72,40,40,0.039081599563360214,fp16,1.0401052410015836,,,,success,1,sm75_xmma_fprop_implicit_gemm_f16f16_f16f16_f16_nhwckrsc_nhwc_tilesize64x32x64_stage1_warpsize2x1x2_g1_tensor16x8x8_simple_t1r1s1,0x017a89ce2d82b850,CaskConvolution,50,40
200,,1,40,128,1,model.6.cv1.conv,Conv2d,0.026820960026234388,0.02280000038444996,128,128,80,40,40,0.05165440086275334,fp16,1.0490977829977055,,,,success,1,sm75_xmma_gemm_f16f16_f16f16_f16_nn_n_tilesize64x32x64_stage1_warpsize2x2x1_tensor16x8x8,0x000000000002037c,CaskGemmConvolution,50,40
200,,1,40,128,1,model.6.cv1.conv,Conv2d,0.029139680061489343,0.028672000393271446,128,128,88,40,40,0.030729599297046658,fp16,1.0265338480021455,,,,success,1,volta_hcudnn_128x128_relu_interior_nn_v1,0x0ccb6665868f9bd5,CaskConvolution,50,40
200,,1,40,128,1,model.6.cv1.conv,Conv2d,0.03128304003737867,0.02900799922645092,128,128,96,40,40,0.04309759959578511,fp16,1.0512327289980021,,,,success,1,volta_hcudnn_128x128_relu_interior_nn_v1,0x0ccb6665868f9bd5,CaskConvolution,50,40
200,,1,40,128,1,model.6.cv1.conv,Conv2d,0.032663199957460164,0.032016001641750336,128,128,104,40,40,0.038764800690114495,fp16,1.0534295239995117,,,,success,1,volta_hcudnn_128x128_relu_interior_nn_v1,0x0ccb6665868f9bd5,CaskConvolution,50,40
200,,1,40,128,1,model.6.cv1.conv,Conv2d,0.02985504006035626,0.02879999950528145,128,128,112,40,40,0.034854400530457484,fp16,1.0793927079976129,,,,success,1,volta_hcudnn_128x128_relu_interior_nn_v1,0x0ccb6665868f9bd5,CaskConvolution,50,40
200,,1,40,128,1,model.6.cv1.conv,Conv2d,0.031074560014531016,0.027984000742435455,128,128,120,40,40,0.05103999953716986,fp16,1.023018455998681,,,,success,1,sm75_xmma_fprop_implicit_gemm_f16f16_f16f16_f16_nhwckrsc_nhwc_tilesize64x64x64_stage1_warpsize2x2x1_g1_tensor16x8x8_simple_t1r1s1,0x62a22cfa1199e58e,CaskConvolution,50,40
200,,1,40,128,1,model.6.cv1.conv,Conv2d,0.029127200208604334,0.02459200005978346,128,128,128,40,40,0.06185120083391663,fp16,1.0514327119999507,0.025919999927282333,0.05400129571691975,,success,1,sm75_xmma_fprop_implicit_gemm_f16f16_f16f16_f16_nhwckrsc_nhwc_tilesize64x128x32_stage1_warpsize2x2x1_g1_tensor16x8x8_simple_t1r1s1,0x249110624ee04937,CaskConvolution,50,40
200,,1,40,16,3,model.6.m.0.cv1.conv,Conv2d,0.02638752033933997,0.02457600086927414,64,64,16,40,40,0.032972799986600805,fp16,0.9134819540013268,,,,success,1,sm75_xmma_fprop_implicit_gemm_indexed_wo_smem_f16f16_f16f16_f16_nhwckrsc_nhwc_tilesize128x32x16_stage1_warpsize4x1x1_g1_tensor16x8x8_aligna4_alignc4,0xb06d1a39bf5844d9,CaskConvolution,50,40
200,,1,40,16,3,model.6.m.0.cv2.conv,Conv2d,0.02638752033933997,0.02457600086927414,64,64,16,40,40,0.032972799986600805,fp16,0.9134819540013268,,,,success,1,sm75_xmma_fprop_implicit_gemm_indexed_wo_smem_f16f16_f16f16_f16_nhwckrsc_nhwc_tilesize128x32x16_stage1_warpsize4x1x1_g1_tensor16x8x8_aligna4_alignc4,0xb06d1a39bf5844d9,CaskConvolution,50,40
200,,1,40,16,3,model.6.m.1.cv1.conv,Conv2d,0.02638752033933997,0.02457600086927414,64,64,16,40,40,0.032972799986600805,fp16,0.9134819540013268,,,,success,1,sm75_xmma_fprop_implicit_gemm_indexed_wo_smem_f16f16_f16f16_f16_nhwckrsc_nhwc_tilesize128x32x16_stage1_warpsize4x1x1_g1_tensor16x8x8_aligna4_alignc4,0xb06d1a39bf5844d9,CaskConvolution,50,40
200,,1,40,16,3,model.6.m.1.cv2.conv,Conv2d,0.02638752033933997,0.02457600086927414,64,64,16,40,40,0.032972799986600805,fp16,0.9134819540013268,,,,success,1,sm75_xmma_fprop_implicit_gemm_indexed_wo_smem_f16f16_f16f16_f16_nhwckrsc_nhwc_tilesize128x32x16_stage1_warpsize4x1x1_g1_tensor16x8x8_aligna4_alignc4,0xb06d1a39bf5844d9,CaskConvolution,50,40
200,,1,40,16,3,model.6.m.0.cv1.conv,Conv2d,0.02919136001728475,0.02457600086927414,64,64,32,40,40,0.0571615993976593,fp16,0.884676630001195,,,,success,1,sm75_xmma_fprop_implicit_gemm_indexed_wo_smem_f16f16_f16f16_f16_nhwckrsc_nhwc_tilesize128x32x64_stage1_warpsize4x1x1_g1_tensor16x8x8_alignc8,0xc5917dd3c56d6621,CaskConvolution,50,40
200,,1,40,16,3,model.6.m.0.cv2.conv,Conv2d,0.02919136001728475,0.02457600086927414,64,64,32,40,40,0.0571615993976593,fp16,0.884676630001195,,,,success,1,sm75_xmma_fprop_implicit_gemm_indexed_wo_smem_f16f16_f16f16_f16_nhwckrsc_nhwc_tilesize128x32x64_stage1_warpsize4x1x1_g1_tensor16x8x8_alignc8,0xc5917dd3c56d6621,CaskConvolution,50,40
200,,1,40,16,3,model.6.m.1.cv1.conv,Conv2d,0.02919136001728475,0.02457600086927414,64,64,32,40,40,0.0571615993976593,fp16,0.884676630001195,,,,success,1,sm75_xmma_fprop_implicit_gemm_indexed_wo_smem_f16f16_f16f16_f16_nhwckrsc_nhwc_tilesize128x32x64_stage1_warpsize4x1x1_g1_tensor16x8x8_alignc8,0xc5917dd3c56d6621,CaskConvolution,50,40
200,,1,40,16,3,model.6.m.1.cv2.conv,Conv2d,0.02919136001728475,0.02457600086927414,64,64,32,40,40,0.0571615993976593,fp16,0.884676630001195,,,,success,1,sm75_xmma_fprop_implicit_gemm_indexed_wo_smem_f16f16_f16f16_f16_nhwckrsc_nhwc_tilesize128x32x64_stage1_warpsize4x1x1_g1_tensor16x8x8_alignc8,0xc5917dd3c56d6621,CaskConvolution,50,40
200,,1,40,16,3,model.6.m.0.cv1.conv,Conv2d,0.028149920217692852,0.02454400062561035,64,64,48,40,40,0.05195840001106259,fp16,0.9013236469982076,,,,success,1,volta_fp16x2_hcudnn_winograd_fp16x2_128x128_ldg1_ldg4_relu_tile148t_nt_v1,0xd46b3ee2b59f893c,CaskConvolution,50,40
200,,1,40,16,3,model.6.m.0.cv2.conv,Conv2d,0.028149920217692852,0.02454400062561035,64,64,48,40,40,0.05195840001106259,fp16,0.9013236469982076,,,,success,1,volta_fp16x2_hcudnn_winograd_fp16x2_128x128_ldg1_ldg4_relu_tile148t_nt_v1,0xd46b3ee2b59f893c,CaskConvolution,50,40
200,,1,40,16,3,model.6.m.1.cv1.conv,Conv2d,0.028149920217692852,0.02454400062561035,64,64,48,40,40,0.05195840001106259,fp16,0.9013236469982076,,,,success,1,volta_fp16x2_hcudnn_winograd_fp16x2_128x128_ldg1_ldg4_relu_tile148t_nt_v1,0xd46b3ee2b59f893c,CaskConvolution,50,40
200,,1,40,16,3,model.6.m.1.cv2.conv,Conv2d,0.028149920217692852,0.02454400062561035,64,64,48,40,40,0.05195840001106259,fp16,0.9013236469982076,,,,success,1,volta_fp16x2_hcudnn_winograd_fp16x2_128x128_ldg1_ldg4_relu_tile148t_nt_v1,0xd46b3ee2b59f893c,CaskConvolution,50,40
200,,1,40,16,3,model.6.m.0.cv1.conv,Conv2d,0.02883312014862895,0.02470399998128414,64,64,64,40,40,0.055403200164437255,fp16,0.883146553998813,,,,success,1,sm75_xmma_fprop_implicit_gemm_indexed_wo_smem_f16f16_f16f16_f16_nhwckrsc_nhwc_tilesize128x16x64_stage1_warpsize4x1x1_g1_tensor16x8x8_aligna8_alignc8,0x65290447171854c8,CaskConvolution,50,40
200,,1,40,16,3,model.6.m.0.cv2.conv,Conv2d,0.02883312014862895,0.02470399998128414,64,64,64,40,40,0.055403200164437255,fp16,0.883146553998813,,,,success,1,sm75_xmma_fprop_implicit_gemm_indexed_wo_smem_f16f16_f16f16_f16_nhwckrsc_nhwc_tilesize128x16x64_stage1_warpsize4x1x1_g1_tensor16x8x8_aligna8_alignc8,0x65290447171854c8,CaskConvolution,50,40
200,,1,40,16,3,model.6.m.1.cv1.conv,Conv2d,0.02883312014862895,0.02470399998128414,64,64,64,40,40,0.055403200164437255,fp16,0.883146553998813,,,,success,1,sm75_xmma_fprop_implicit_gemm_indexed_wo_smem_f16f16_f16f16_f16_nhwckrsc_nhwc_tilesize128x16x64_stage1_warpsize4x1x1_g1_tensor16x8x8_aligna8_alignc8,0x65290447171854c8,CaskConvolution,50,40
200,,1,40,16,3,model.6.m.1.cv2.conv,Conv2d,0.02883312014862895,0.02470399998128414,64,64,64,40,40,0.055403200164437255,fp16,0.883146553998813,,,,success,1,sm75_xmma_fprop_implicit_gemm_indexed_wo_smem_f16f16_f16f16_f16_nhwckrsc_nhwc_tilesize128x16x64_stage1_warpsize4x1x1_g1_tensor16x8x8_aligna8_alignc8,0x65290447171854c8,CaskConvolution,50,40
200,,1,40,32,3,model.6.m.0.cv1.conv,Conv2d,0.027276480123400688,0.025232000276446342,64,64,16,40,40,0.039275200478732564,fp16,0.906635933999496,,,,success,1,sm75_xmma_fprop_implicit_gemm_indexed_wo_smem_f16f16_f16f16_f16_nhwckrsc_nhwc_tilesize128x16x64_stage1_warpsize4x1x1_g1_tensor16x8x8_aligna4_alignc4,0xece74e31d6ab911a,CaskConvolution,50,40
200,,1,40,32,3,model.6.m.0.cv2.conv,Conv2d,0.027276480123400688,0.025232000276446342,64,64,16,40,40,0.039275200478732564,fp16,0.906635933999496,,,,success,1,sm75_xmma_fprop_implicit_gemm_indexed_wo_smem_f16f16_f16f16_f16_nhwckrsc_nhwc_tilesize128x16x64_stage1_warpsize4x1x1_g1_tensor16x8x8_aligna4_alignc4,0xece74e31d6ab911a,CaskConvolution,50,40
200,,1,40,32,3,model.6.m.1.cv1.conv,Conv2d,0.027276480123400688,0.025232000276446342,64,64,16,40,40,0.039275200478732564,fp16,0.906635933999496,,,,success,1,sm75_xmma_fprop_implicit_gemm_indexed_wo_smem_f16f16_f16f16_f16_nhwckrsc_nhwc_tilesize128x16x64_stage1_warpsize4x1x1_g1_tensor16x8x8_aligna4_alignc4,0xece74e31d6ab911a,CaskConvolution,50,40
200,,1,40,32,3,model.6.m.1.cv2.conv,Conv2d,0.027276480123400688,0.025232000276446342,64,64,16,40,40,0.039275200478732564,fp16,0.906635933999496,,,,success,1,sm75_xmma_fprop_implicit_gemm_indexed_wo_smem_f16f16_f16f16_f16_nhwckrsc_nhwc_tilesize128x16x64_stage1_warpsize4x1x1_g1_tensor16x8x8_aligna4_alignc4,0xece74e31d6ab911a,CaskConvolution,50,40
200,,1,40,32,3,model.6.m.0.cv1.conv,Conv2d,0.025296480087563397,0.023871999233961105,64,64,32,40,40,0.03462879918515682,fp16,0.8998928919972968,,,,success,1,sm75_xmma_fprop_implicit_gemm_f16f16_f16f16_f16_nhwckrsc_nhwc_tilesize128x32x32_stage1_warpsize4x1x1_g1_tensor16x8x8_t1r3s3,0xcb7b50f35a87094b,CaskConvolution,50,40
200,,1,40,32,3,model.6.m.0.cv2.conv,Conv2d,0.025296480087563397,0.023871999233961105,64,64,32,40,40,0.03462879918515682,fp16,0.8998928919972968,,,,success,1,sm75_xmma_fprop_implicit_gemm_f16f16_f16f16_f16_nhwckrsc_nhwc_tilesize128x32x32_stage1_warpsize4x1x1_g1_tensor16x8x8_t1r3s3,0xcb7b50f35a87094b,CaskConvolution,50,40
200,,1,40,32,3,model.6.m.1.cv1.conv,Conv2d,0.025296480087563397,0.023871999233961105,64,64,32,40,40,0.03462879918515682,fp16,0.8998928919972968,,,,success,1,sm75_xmma_fprop_implicit_gemm_f16f16_f16f16_f16_nhwckrsc_nhwc_tilesize128x32x32_stage1_warpsize4x1x1_g1_tensor16x8x8_t1r3s3,0xcb7b50f35a87094b,CaskConvolution,50,40
200,,1,40,32,3,model.6.m.1.cv2.conv,Conv2d,0.025296480087563397,0.023871999233961105,64,64,32,40,40,0.03462879918515682,fp16,0.8998928919972968,,,,success,1,sm75_xmma_fprop_implicit_gemm_f16f16_f16f16_f16_nhwckrsc_nhwc_tilesize128x32x32_stage1_warpsize4x1x1_g1_tensor16x8x8_t1r3s3,0xcb7b50f35a87094b,CaskConvolution,50,40
200,,1,40,32,3,model.6.m.0.cv1.conv,Conv2d,0.027564960112795234,0.02457600086927414,64,64,48,40,40,0.04929120168089862,fp16,0.8979688029976387,,,,success,1,volta_fp16x2_hcudnn_winograd_fp16x2_128x128_ldg1_ldg4_relu_tile148t_nt_v1,0xd46b3ee2b59f893c,CaskConvolution,50,40
200,,1,40,32,3,model.6.m.0.cv2.conv,Conv2d,0.027564960112795234,0.02457600086927414,64,64,48,40,40,0.04929120168089862,fp16,0.8979688029976387,,,,success,1,volta_fp16x2_hcudnn_winograd_fp16x2_128x128_ldg1_ldg4_relu_tile148t_nt_v1,0xd46b3ee2b59f893c,CaskConvolution,50,40
200,,1,40,32,3,model.6.m.1.cv1.conv,Conv2d,0.027564960112795234,0.02457600086927414,64,64,48,40,40,0.04929120168089862,fp16,0.8979688029976387,,,,success,1,volta_fp16x2_hcudnn_winograd_fp16x2_128x128_ldg1_ldg4_relu_tile148t_nt_v1,0xd46b3ee2b59f893c,CaskConvolution,50,40
200,,1,40,32,3,model.6.m.1.cv2.conv,Conv2d,0.027564960112795234,0.02457600086927414,64,64,48,40,40,0.04929120168089862,fp16,0.8979688029976387,,,,success,1,volta_fp16x2_hcudnn_winograd_fp16x2_128x128_ldg1_ldg4_relu_tile148t_nt_v1,0xd46b3ee2b59f893c,CaskConvolution,50,40
200,,1,40,32,3,model.6.m.0.cv1.conv,Conv2d,0.02439024006947875,0.023471999913454056,64,64,64,40,40,0.028672000393271446,fp16,0.8837362550002581,,,,success,1,volta_fp16x2_hcudnn_winograd_fp16x2_128x128_ldg1_ldg4_relu_tile148t_nt_v1,0xd46b3ee2b59f893c,CaskConvolution,50,40
200,,1,40,32,3,model.6.m.0.cv2.conv,Conv2d,0.02439024006947875,0.023471999913454056,64,64,64,40,40,0.028672000393271446,fp16,0.8837362550002581,,,,success,1,volta_fp16x2_hcudnn_winograd_fp16x2_128x128_ldg1_ldg4_relu_tile148t_nt_v1,0xd46b3ee2b59f893c,CaskConvolution,50,40
200,,1,40,32,3,model.6.m.1.cv1.conv,Conv2d,0.02439024006947875,0.023471999913454056,64,64,64,40,40,0.028672000393271446,fp16,0.8837362550002581,,,,success,1,volta_fp16x2_hcudnn_winograd_fp16x2_128x128_ldg1_ldg4_relu_tile148t_nt_v1,0xd46b3ee2b59f893c,CaskConvolution,50,40
200,,1,40,32,3,model.6.m.1.cv2.conv,Conv2d,0.02439024006947875,0.023471999913454056,64,64,64,40,40,0.028672000393271446,fp16,0.8837362550002581,,,,success,1,volta_fp16x2_hcudnn_winograd_fp16x2_128x128_ldg1_ldg4_relu_tile148t_nt_v1,0xd46b3ee2b59f893c,CaskConvolution,50,40
200,,1,40,48,3,model.6.m.0.cv1.conv,Conv2d,0.03434687987901271,0.02831999957561493,64,64,16,40,40,0.0655359998345375,fp16,0.8783570039995539,,,,success,1,sm75_xmma_fprop_implicit_gemm_indexed_wo_smem_f16f16_f16f16_f16_nhwckrsc_nhwc_tilesize128x16x64_stage1_warpsize4x1x1_g1_tensor16x8x8_aligna4_alignc4,0xece74e31d6ab911a,CaskConvolution,50,40
200,,1,40,48,3,model.6.m.0.cv2.conv,Conv2d,0.03434687987901271,0.02831999957561493,64,64,16,40,40,0.0655359998345375,fp16,0.8783570039995539,,,,success,1,sm75_xmma_fprop_implicit_gemm_indexed_wo_smem_f16f16_f16f16_f16_nhwckrsc_nhwc_tilesize128x16x64_stage1_warpsize4x1x1_g1_tensor16x8x8_aligna4_alignc4,0xece74e31d6ab911a,CaskConvolution,50,40
200,,1,40,48,3,model.6.m.1.cv1.conv,Conv2d,0.03434687987901271,0.02831999957561493,64,64,16,40,40,0.0655359998345375,fp16,0.8783570039995539,,,,success,1,sm75_xmma_fprop_implicit_gemm_indexed_wo_smem_f16f16_f16f16_f16_nhwckrsc_nhwc_tilesize128x16x64_stage1_warpsize4x1x1_g1_tensor16x8x8_aligna4_alignc4,0xece74e31d6ab911a,CaskConvolution,50,40
200,,1,40,48,3,model.6.m.1.cv2.conv,Conv2d,0.03434687987901271,0.02831999957561493,64,64,16,40,40,0.0655359998345375,fp16,0.8783570039995539,,,,success,1,sm75_xmma_fprop_implicit_gemm_indexed_wo_smem_f16f16_f16f16_f16_nhwckrsc_nhwc_tilesize128x16x64_stage1_warpsize4x1x1_g1_tensor16x8x8_aligna4_alignc4,0xece74e31d6ab911a,CaskConvolution,50,40
200,,1,40,48,3,model.6.m.0.cv1.conv,Conv2d,0.02829824007116258,0.02459200005978346,64,64,32,40,40,0.05340159945189948,fp16,0.8514131459996861,,,,success,1,sm75_xmma_fprop_implicit_gemm_f16f16_f16f16_f16_nhwckrsc_nhwc_tilesize64x32x64_stage1_warpsize2x1x2_g1_tensor16x8x8_t1r3s3,0x5252dc6c9c5f3aff,CaskConvolution,50,40
200,,1,40,48,3,model.6.m.0.cv2.conv,Conv2d,0.02829824007116258,0.02459200005978346,64,64,32,40,40,0.05340159945189948,fp16,0.8514131459996861,,,,success,1,sm75_xmma_fprop_implicit_gemm_f16f16_f16f16_f16_nhwckrsc_nhwc_tilesize64x32x64_stage1_warpsize2x1x2_g1_tensor16x8x8_t1r3s3,0x5252dc6c9c5f3aff,CaskConvolution,50,40
200,,1,40,48,3,model.6.m.1.cv1.conv,Conv2d,0.02829824007116258,0.02459200005978346,64,64,32,40,40,0.05340159945189948,fp16,0.8514131459996861,,,,success,1,sm75_xmma_fprop_implicit_gemm_f16f16_f16f16_f16_nhwckrsc_nhwc_tilesize64x32x64_stage1_warpsize2x1x2_g1_tensor16x8x8_t1r3s3,0x5252dc6c9c5f3aff,CaskConvolution,50,40
200,,1,40,48,3,model.6.m.1.cv2.conv,Conv2d,0.02829824007116258,0.02459200005978346,64,64,32,40,40,0.05340159945189948,fp16,0.8514131459996861,,,,success,1,sm75_xmma_fprop_implicit_gemm_f16f16_f16f16_f16_nhwckrsc_nhwc_tilesize64x32x64_stage1_warpsize2x1x2_g1_tensor16x8x8_t1r3s3,0x5252dc6c9c5f3aff,CaskConvolution,50,40
200,,1,40,48,3,model.6.m.0.cv1.conv,Conv2d,0.02718399995006621,0.026559999212622643,64,64,48,40,40,0.03104639984667301,fp16,0.8741892260004533,,,,success,1,volta_fp16x2_hcudnn_winograd_fp16x2_128x128_ldg1_ldg4_relu_tile148t_nt_v1,0xd46b3ee2b59f893c,CaskConvolution,50,40
200,,1,40,48,3,model.6.m.0.cv2.conv,Conv2d,0.02718399995006621,0.026559999212622643,64,64,48,40,40,0.03104639984667301,fp16,0.8741892260004533,,,,success,1,volta_fp16x2_hcudnn_winograd_fp16x2_128x128_ldg1_ldg4_relu_tile148t_nt_v1,0xd46b3ee2b59f893c,CaskConvolution,50,40
200,,1,40,48,3,model.6.m.1.cv1.conv,Conv2d,0.02718399995006621,0.026559999212622643,64,64,48,40,40,0.03104639984667301,fp16,0.8741892260004533,,,,success,1,volta_fp16x2_hcudnn_winograd_fp16x2_128x128_ldg1_ldg4_relu_tile148t_nt_v1,0xd46b3ee2b59f893c,CaskConvolution,50,40
200,,1,40,48,3,model.6.m.1.cv2.conv,Conv2d,0.02718399995006621,0.026559999212622643,64,64,48,40,40,0.03104639984667301,fp16,0.8741892260004533,,,,success,1,volta_fp16x2_hcudnn_winograd_fp16x2_128x128_ldg1_ldg4_relu_tile148t_nt_v1,0xd46b3ee2b59f893c,CaskConvolution,50,40
200,,1,40,48,3,model.6.m.0.cv1.conv,Conv2d,0.029847039924934506,0.02672000043094158,64,64,64,40,40,0.0499231996014714,fp16,0.8290031850010564,,,,success,1,sm75_xmma_fprop_implicit_gemm_indexed_f16f16_f16f16_f16_nhwckrsc_nhwc_tilesize64x64x64_stage1_warpsize2x2x1_g1_tensor16x8x8,0x784dcede905d06c0,CaskConvolution,50,40
200,,1,40,48,3,model.6.m.0.cv2.conv,Conv2d,0.029847039924934506,0.02672000043094158,64,64,64,40,40,0.0499231996014714,fp16,0.8290031850010564,,,,success,1,sm75_xmma_fprop_implicit_gemm_indexed_f16f16_f16f16_f16_nhwckrsc_nhwc_tilesize64x64x64_stage1_warpsize2x2x1_g1_tensor16x8x8,0x784dcede905d06c0,CaskConvolution,50,40
200,,1,40,48,3,model.6.m.1.cv1.conv,Conv2d,0.029847039924934506,0.02672000043094158,64,64,64,40,40,0.0499231996014714,fp16,0.8290031850010564,,,,success,1,sm75_xmma_fprop_implicit_gemm_indexed_f16f16_f16f16_f16_nhwckrsc_nhwc_tilesize64x64x64_stage1_warpsize2x2x1_g1_tensor16x8x8,0x784dcede905d06c0,CaskConvolution,50,40
200,,1,40,48,3,model.6.m.1.cv2.conv,Conv2d,0.029847039924934506,0.02672000043094158,64,64,64,40,40,0.0499231996014714,fp16,0.8290031850010564,,,,success,1,sm75_xmma_fprop_implicit_gemm_indexed_f16f16_f16f16_f16_nhwckrsc_nhwc_tilesize64x64x64_stage1_warpsize2x2x1_g1_tensor16x8x8,0x784dcede905d06c0,CaskConvolution,50,40
200,,1,40,64,3,model.6.m.0.cv1.conv,Conv2d,0.026112960027530788,0.023151999339461327,64,64,8,40,40,0.04715680107474325,fp16,0.6388496979998308,,,,success,1,sm75_xmma_fprop_implicit_gemm_indexed_f16f16_f16f16_f16_nhwckrsc_nhwc_tilesize64x32x64_stage1_warpsize2x1x2_g1_tensor16x8x8,0x75585ae3e9dedb93,CaskConvolution,50,40
200,,1,40,64,3,model.6.m.0.cv2.conv,Conv2d,0.026112960027530788,0.023151999339461327,64,64,8,40,40,0.04715680107474325,fp16,0.6388496979998308,,,,success,1,sm75_xmma_fprop_implicit_gemm_indexed_f16f16_f16f16_f16_nhwckrsc_nhwc_tilesize64x32x64_stage1_warpsize2x1x2_g1_tensor16x8x8,0x75585ae3e9dedb93,CaskConvolution,50,40
200,,1,40,64,3,model.6.m.1.cv1.conv,Conv2d,0.026112960027530788,0.023151999339461327,64,64,8,40,40,0.04715680107474325,fp16,0.6388496979998308,,,,success,1,sm75_xmma_fprop_implicit_gemm_indexed_f16f16_f16f16_f16_nhwckrsc_nhwc_tilesize64x32x64_stage1_warpsize2x1x2_g1_tensor16x8x8,0x75585ae3e9dedb93,CaskConvolution,50,40
200,,1,40,64,3,model.6.m.1.cv2.conv,Conv2d,0.026112960027530788,0.023151999339461327,64,64,8,40,40,0.04715680107474325,fp16,0.6388496979998308,,,,success,1,sm75_xmma_fprop_implicit_gemm_indexed_f16f16_f16f16_f16_nhwckrsc_nhwc_tilesize64x32x64_stage1_warpsize2x1x2_g1_tensor16x8x8,0x75585ae3e9dedb93,CaskConvolution,50,40
200,,1,40,64,3,model.6.m.0.cv1.conv,Conv2d,0.025192480105906724,0.022943999618291855,64,64,16,40,40,0.032707199454307556,fp16,0.6367272389979917,,,,success,1,sm75_xmma_fprop_implicit_gemm_f16f16_f16f16_f16_nhwckrsc_nhwc_tilesize64x32x64_stage1_warpsize2x1x2_g1_tensor16x8x8_t1r3s3,0x5252dc6c9c5f3aff,CaskConvolution,50,40
200,,1,40,64,3,model.6.m.0.cv2.conv,Conv2d,0.025192480105906724,0.022943999618291855,64,64,16,40,40,0.032707199454307556,fp16,0.6367272389979917,,,,success,1,sm75_xmma_fprop_implicit_gemm_f16f16_f16f16_f16_nhwckrsc_nhwc_tilesize64x32x64_stage1_warpsize2x1x2_g1_tensor16x8x8_t1r3s3,0x5252dc6c9c5f3aff,CaskConvolution,50,40
200,,1,40,64,3,model.6.m.1.cv1.conv,Conv2d,0.025192480105906724,0.022943999618291855,64,64,16,40,40,0.032707199454307556,fp16,0.6367272389979917,,,,success,1,sm75_xmma_fprop_implicit_gemm_f16f16_f16f16_f16_nhwckrsc_nhwc_tilesize64x32x64_stage1_warpsize2x1x2_g1_tensor16x8x8_t1r3s3,0x5252dc6c9c5f3aff,CaskConvolution,50,40
200,,1,40,64,3,model.6.m.1.cv2.conv,Conv2d,0.025192480105906724,0.022943999618291855,64,64,16,40,40,0.032707199454307556,fp16,0.6367272389979917,,,,success,1,sm75_xmma_fprop_implicit_gemm_f16f16_f16f16_f16_nhwckrsc_nhwc_tilesize64x32x64_stage1_warpsize2x1x2_g1_tensor16x8x8_t1r3s3,0x5252dc6c9c5f3aff,CaskConvolution,50,40
200,,1,40,64,3,model.6.m.0.cv1.conv,Conv2d,0.027679360089823603,0.024431999772787094,64,64,24,40,40,0.049219198524951935,fp16,0.6410745319990383,,,,success,1,sm75_xmma_fprop_implicit_gemm_indexed_f16f16_f16f16_f16_nhwckrsc_nhwc_tilesize64x32x64_stage1_warpsize2x1x2_g1_tensor16x8x8,0x75585ae3e9dedb93,CaskConvolution,50,40
200,,1,40,64,3,model.6.m.0.cv2.conv,Conv2d,0.027679360089823603,0.024431999772787094,64,64,24,40,40,0.049219198524951935,fp16,0.6410745319990383,,,,success,1,sm75_xmma_fprop_implicit_gemm_indexed_f16f16_f16f16_f16_nhwckrsc_nhwc_tilesize64x32x64_stage1_warpsize2x1x2_g1_tensor16x8x8,0x75585ae3e9dedb93,CaskConvolution,50,40
200,,1,40,64,3,model.6.m.1.cv1.conv,Conv2d,0.027679360089823603,0.024431999772787094,64,64,24,40,40,0.049219198524951935,fp16,0.6410745319990383,,,,success,1,sm75_xmma_fprop_implicit_gemm_indexed_f16f16_f16f16_f16_nhwckrsc_nhwc_tilesize64x32x64_stage1_warpsize2x1x2_g1_tensor16x8x8,0x75585ae3e9dedb93,CaskConvolution,50,40
200,,1,40,64,3,model.6.m.1.cv2.conv,Conv2d,0.027679360089823603,0.024431999772787094,64,64,24,40,40,0.049219198524951935,fp16,0.6410745319990383,,,,success,1,sm75_xmma_fprop_implicit_gemm_indexed_f16f16_f16f16_f16_nhwckrsc_nhwc_tilesize64x32x64_stage1_warpsize2x1x2_g1_tensor16x8x8,0x75585ae3e9dedb93,CaskConvolution,50,40
200,,1,40,64,3,model.6.m.0.cv1.conv,Conv2d,0.02699024008587003,0.02396799996495247,64,64,32,40,40,0.04226559940725556,fp16,0.6451453419977042,,,,success,1,sm75_xmma_fprop_implicit_gemm_f16f16_f16f16_f16_nhwckrsc_nhwc_tilesize64x32x64_stage1_warpsize2x1x2_g1_tensor16x8x8_t1r3s3,0x5252dc6c9c5f3aff,CaskConvolution,50,40
200,,1,40,64,3,model.6.m.0.cv2.conv,Conv2d,0.02699024008587003,0.02396799996495247,64,64,32,40,40,0.04226559940725556,fp16,0.6451453419977042,,,,success,1,sm75_xmma_fprop_implicit_gemm_f16f16_f16f16_f16_nhwckrsc_nhwc_tilesize64x32x64_stage1_warpsize2x1x2_g1_tensor16x8x8_t1r3s3,0x5252dc6c9c5f3aff,CaskConvolution,50,40
200,,1,40,64,3,model.6.m.1.cv1.conv,Conv2d,0.02699024008587003,0.02396799996495247,64,64,32,40,40,0.04226559940725556,fp16,0.6451453419977042,,,,success,1,sm75_xmma_fprop_implicit_gemm_f16f16_f16f16_f16_nhwckrsc_nhwc_tilesize64x32x64_stage1_warpsize2x1x2_g1_tensor16x8x8_t1r3s3,0x5252dc6c9c5f3aff,CaskConvolution,50,40
200,,1,40,64,3,model.6.m.1.cv2.conv,Conv2d,0.02699024008587003,0.02396799996495247,64,64,32,40,40,0.04226559940725556,fp16,0.6451453419977042,,,,success,1,sm75_xmma_fprop_implicit_gemm_f16f16_f16f16_f16_nhwckrsc_nhwc_tilesize64x32x64_stage1_warpsize2x1x2_g1_tensor16x8x8_t1r3s3,0x5252dc6c9c5f3aff,CaskConvolution,50,40
200,,1,40,64,3,model.6.m.0.cv1.conv,Conv2d,0.0267416001111269,0.02536000031977892,64,64,40,40,40,0.036073598824441416,fp16,0.623010413000884,,,,success,1,sm75_xmma_fprop_implicit_gemm_indexed_f16f16_f16f16_f16_nhwckrsc_nhwc_tilesize64x64x64_stage1_warpsize2x2x1_g1_tensor16x8x8,0x784dcede905d06c0,CaskConvolution,50,40
200,,1,40,64,3,model.6.m.0.cv2.conv,Conv2d,0.0267416001111269,0.02536000031977892,64,64,40,40,40,0.036073598824441416,fp16,0.623010413000884,,,,success,1,sm75_xmma_fprop_implicit_gemm_indexed_f16f16_f16f16_f16_nhwckrsc_nhwc_tilesize64x64x64_stage1_warpsize2x2x1_g1_tensor16x8x8,0x784dcede905d06c0,CaskConvolution,50,40
200,,1,40,64,3,model.6.m.1.cv1.conv,Conv2d,0.0267416001111269,0.02536000031977892,64,64,40,40,40,0.036073598824441416,fp16,0.623010413000884,,,,success,1,sm75_xmma_fprop_implicit_gemm_indexed_f16f16_f16f16_f16_nhwckrsc_nhwc_tilesize64x64x64_stage1_warpsize2x2x1_g1_tensor16x8x8,0x784dcede905d06c0,CaskConvolution,50,40
200,,1,40,64,3,model.6.m.1.cv2.conv,Conv2d,0.0267416001111269,0.02536000031977892,64,64,40,40,40,0.036073598824441416,fp16,0.623010413000884,,,,success,1,sm75_xmma_fprop_implicit_gemm_indexed_f16f16_f16f16_f16_nhwckrsc_nhwc_tilesize64x64x64_stage1_warpsize2x2x1_g1_tensor16x8x8,0x784dcede905d06c0,CaskConvolution,50,40
200,,1,40,64,3,model.6.m.0.cv1.conv,Conv2d,0.02966319997794926,0.0284000001847744,64,64,48,40,40,0.03529920056462288,fp16,0.6302789929977735,,,,success,1,volta_fp16x2_hcudnn_winograd_fp16x2_128x128_ldg1_ldg4_relu_tile148t_nt_v1,0xd46b3ee2b59f893c,CaskConvolution,50,40
200,,1,40,64,3,model.6.m.0.cv2.conv,Conv2d,0.02966319997794926,0.0284000001847744,64,64,48,40,40,0.03529920056462288,fp16,0.6302789929977735,,,,success,1,volta_fp16x2_hcudnn_winograd_fp16x2_128x128_ldg1_ldg4_relu_tile148t_nt_v1,0xd46b3ee2b59f893c,CaskConvolution,50,40
200,,1,40,64,3,model.6.m.1.cv1.conv,Conv2d,0.02966319997794926,0.0284000001847744,64,64,48,40,40,0.03529920056462288,fp16,0.6302789929977735,,,,success,1,volta_fp16x2_hcudnn_winograd_fp16x2_128x128_ldg1_ldg4_relu_tile148t_nt_v1,0xd46b3ee2b59f893c,CaskConvolution,50,40
200,,1,40,64,3,model.6.m.1.cv2.conv,Conv2d,0.02966319997794926,0.0284000001847744,64,64,48,40,40,0.03529920056462288,fp16,0.6302789929977735,,,,success,1,volta_fp16x2_hcudnn_winograd_fp16x2_128x128_ldg1_ldg4_relu_tile148t_nt_v1,0xd46b3ee2b59f893c,CaskConvolution,50,40
200,,1,40,64,3,model.6.m.0.cv1.conv,Conv2d,0.029754239981994033,0.026623999699950218,64,64,56,40,40,0.05294560063630342,fp16,0.6505351179985155,,,,success,1,sm75_xmma_fprop_implicit_gemm_indexed_f16f16_f16f16_f16_nhwckrsc_nhwc_tilesize64x64x64_stage1_warpsize2x2x1_g1_tensor16x8x8,0x784dcede905d06c0,CaskConvolution,50,40
200,,1,40,64,3,model.6.m.0.cv2.conv,Conv2d,0.029754239981994033,0.026623999699950218,64,64,56,40,40,0.05294560063630342,fp16,0.6505351179985155,,,,success,1,sm75_xmma_fprop_implicit_gemm_indexed_f16f16_f16f16_f16_nhwckrsc_nhwc_tilesize64x64x64_stage1_warpsize2x2x1_g1_tensor16x8x8,0x784dcede905d06c0,CaskConvolution,50,40
200,,1,40,64,3,model.6.m.1.cv1.conv,Conv2d,0.029754239981994033,0.026623999699950218,64,64,56,40,40,0.05294560063630342,fp16,0.6505351179985155,,,,success,1,sm75_xmma_fprop_implicit_gemm_indexed_f16f16_f16f16_f16_nhwckrsc_nhwc_tilesize64x64x64_stage1_warpsize2x2x1_g1_tensor16x8x8,0x784dcede905d06c0,CaskConvolution,50,40
200,,1,40,64,3,model.6.m.1.cv2.conv,Conv2d,0.029754239981994033,0.026623999699950218,64,64,56,40,40,0.05294560063630342,fp16,0.6505351179985155,,,,success,1,sm75_xmma_fprop_implicit_gemm_indexed_f16f16_f16f16_f16_nhwckrsc_nhwc_tilesize64x64x64_stage1_warpsize2x2x1_g1_tensor16x8x8,0x784dcede905d06c0,CaskConvolution,50,40
200,,1,40,64,3,model.6.m.0.cv1.conv,Conv2d,0.030429119961336255,0.026847999542951584,64,64,64,40,40,0.046804800443351176,fp16,0.6554522660007933,0.028303999453783035,0.05423122525393873,,success,1,sm75_xmma_fprop_implicit_gemm_f16f16_f16f16_f16_nhwckrsc_nhwc_tilesize64x32x64_stage1_warpsize2x1x2_g1_tensor16x8x8,0x55fb34a08663e5ae,CaskConvolution,50,40
200,,1,40,64,3,model.6.m.0.cv2.conv,Conv2d,0.030429119961336255,0.026847999542951584,64,64,64,40,40,0.046804800443351176,fp16,0.6554522660007933,0.028303999453783035,0.05423122525393873,,success,1,sm75_xmma_fprop_implicit_gemm_f16f16_f16f16_f16_nhwckrsc_nhwc_tilesize64x32x64_stage1_warpsize2x1x2_g1_tensor16x8x8,0x55fb34a08663e5ae,CaskConvolution,50,40
200,,1,40,64,3,model.6.m.1.cv1.conv,Conv2d,0.030429119961336255,0.026847999542951584,64,64,64,40,40,0.046804800443351176,fp16,0.6554522660007933,0.028303999453783035,0.05423122525393873,,success,1,sm75_xmma_fprop_implicit_gemm_f16f16_f16f16_f16_nhwckrsc_nhwc_tilesize64x32x64_stage1_warpsize2x1x2_g1_tensor16x8x8,0x55fb34a08663e5ae,CaskConvolution,50,40
200,,1,40,64,3,model.6.m.1.cv2.conv,Conv2d,0.030429119961336255,0.026847999542951584,64,64,64,40,40,0.046804800443351176,fp16,0.6554522660007933,0.028303999453783035,0.05423122525393873,,success,1,sm75_xmma_fprop_implicit_gemm_f16f16_f16f16_f16_nhwckrsc_nhwc_tilesize64x32x64_stage1_warpsize2x1x2_g1_tensor16x8x8,0x55fb34a08663e5ae,CaskConvolution,50,40
200,,1,40,64,1,model.6.cv2.conv,Conv2d,0.0253657600376755,0.023584000766277313,256,128,32,40,40,0.03481600061058998,fp16,0.09625848400173709,,,,success,1,volta_hcudnn_128x128_relu_interior_nn_v1,0x0ccb6665868f9bd5,CaskConvolution,50,40
200,,1,40,64,1,model.6.cv2.conv,Conv2d,0.027875840207561852,0.02457600086927414,256,128,64,40,40,0.04284480046480887,fp16,0.0973335960006807,,,,success,1,volta_hcudnn_128x128_relu_small_nn_v1,0x94dc70026a3bd827,CaskConvolution,50,40
200,,1,40,64,1,model.6.cv2.conv,Conv2d,0.024198399977758526,0.023631999269127846,256,128,96,40,40,0.028641600161790848,fp16,0.09993613700135029,,,,success,1,volta_hcudnn_128x128_relu_interior_nn_v1,0x0ccb6665868f9bd5,CaskConvolution,50,40
200,,1,40,64,1,model.6.cv2.conv,Conv2d,0.029420799948275088,0.027135999873280525,256,128,128,40,40,0.045176000520586936,fp16,0.10381952099851333,,,,success,1,volta_hcudnn_128x128_relu_medium_nn_v1,0xd74356270b3a903a,CaskConvolution,50,40
200,,1,40,128,1,model.6.cv2.conv,Conv2d,0.032259200271219014,0.02443200070410967,256,128,32,40,40,0.06257599927484987,fp16,0.10194349199809949,,,,success,1,sm75_xmma_gemm_f16f16_f16f16_f16_nn_n_tilesize32x32x64_stage1_warpsize2x2x1_tensor16x8x8,0x00000000000205c4,CaskGemmConvolution,50,40
200,,1,40,128,1,model.6.cv2.conv,Conv2d,0.02689536021091044,0.02393599972128868,256,128,64,40,40,0.047523199953138806,fp16,0.09674255500067375,,,,success,1,sm75_xmma_fprop_implicit_gemm_f16f16_f16f16_f16_nhwckrsc_nhwc_tilesize64x64x64_stage1_warpsize2x2x1_g1_tensor16x8x8_t1r1s1,0xe67db95e0c20b618,CaskConvolution,50,40
200,,1,40,128,1,model.6.cv2.conv,Conv2d,0.03054672006517649,0.028863999992609024,256,128,96,40,40,0.03931680042296644,fp16,0.09976961000211304,,,,success,1,volta_hcudnn_128x128_relu_interior_nn_v1,0x0ccb6665868f9bd5,CaskConvolution,50,40
200,,1,40,128,1,model.6.cv2.conv,Conv2d,0.026682560173794626,0.0244159996509552,256,128,128,40,40,0.04067840054631233,fp16,0.0939309540008253,,,,success,1,sm75_xmma_fprop_implicit_gemm_f16f16_f16f16_f16_nhwckrsc_nhwc_tilesize64x128x32_stage1_warpsize2x2x1_g1_tensor16x8x8_simple_t1r1s1,0x249110624ee04937,CaskConvolution,50,40
200,,1,40,192,1,model.6.cv2.conv,Conv2d,0.02528432011604309,0.023616000078618526,256,128,32,40,40,0.03439040090888738,fp16,1.0653005029998894,,,,success,1,sm75_xmma_gemm_f16f16_f16f16_f16_tn_n_tilesize64x32x64_stage1_warpsize2x2x1_tensor16x8x8,0x00000000000203a2,CaskGemmConvolution,50,40
200,,1,40,192,1,model.6.cv2.conv,Conv2d,0.028394080176949502,0.02454400062561035,256,128,64,40,40,0.05363199859857559,fp16,1.0561039419990266,,,,success,1,sm75_xmma_fprop_implicit_gemm_f16f16_f16f16_f16_nhwckrsc_nhwc_tilesize64x64x64_stage1_warpsize2x2x1_g1_tensor16x8x8_t1r1s1,0xe67db95e0c20b618,CaskConvolution,50,40
200,,1,40,192,1,model.6.cv2.conv,Conv2d,0.0256003201007843,0.022911999374628067,256,128,96,40,40,0.03925760071724652,fp16,1.0251095059975341,,,,success,1,sm75_xmma_gemm_f16f16_f16f16_f16_tn_n_tilesize64x32x64_stage1_warpsize2x2x1_tensor16x8x8,0x00000000000203a2,CaskGemmConvolution,50,40
200,,1,40,192,1,model.6.cv2.conv,Conv2d,0.0272120001912117,0.02486399933695793,256,128,128,40,40,0.04065600018948316,fp16,1.0161711390028358,,,,success,1,sm75_xmma_gemm_f16f16_f16f16_f16_nn_n_tilesize128x64x64_stage1_warpsize2x2x1_tensor16x8x8,0x00000000000205c0,CaskGemmConvolution,50,40
200,,1,40,256,1,model.6.cv2.conv,Conv2d,0.025968480072915554,0.02412799932062626,256,128,8,40,40,0.034955201297998416,fp16,1.170457535998139,,,,success,1,volta_h884gemm_64x64_ldg8_tn_v1,0x000000000002048e,CaskGemmConvolution,50,40
200,,1,40,256,1,model.6.cv2.conv,Conv2d,0.026445280034095048,0.02252800017595291,256,128,16,40,40,0.054215998761355855,fp16,1.23902908799937,,,,success,1,sm75_xmma_gemm_f16f16_f16f16_f16_tn_n_tilesize64x32x64_stage1_warpsize2x2x1_tensor16x8x8,0x00000000000203a2,CaskGemmConvolution,50,40
200,,1,40,256,1,model.6.cv2.conv,Conv2d,0.0267416001111269,0.023072000592947006,256,128,24,40,40,0.05020800102502102,fp16,1.2271031839991338,,,,success,1,sm75_xmma_fprop_implicit_gemm_f16f16_f16f16_f16_nhwckrsc_nhwc_tilesize64x32x64_stage1_warpsize2x1x2_g1_tensor16x8x8_simple_t1r1s1,0x017a89ce2d82b850,CaskConvolution,50,40
200,,1,40,256,1,model.6.cv2.conv,Conv2d,0.02509568015113473,0.02252800017595291,256,128,32,40,40,0.03758879881352183,fp16,1.220691351001733,,,,success,1,sm75_xmma_gemm_f16f16_f16f16_f16_nn_n_tilesize64x32x64_stage1_warpsize2x2x1_tensor16x8x8,0x000000000002037c,CaskGemmConvolution,50,40
200,,1,40,256,1,model.6.cv2.conv,Conv2d,0.0274604800529778,0.02396799996495247,256,128,40,40,40,0.05001600068062543,fp16,1.2344023110017588,,,,success,1,sm75_xmma_gemm_f16f16_f16f16_f16_nn_n_tilesize64x64x64_stage1_warpsize2x2x1_tensor16x8x8,0x00000000000204c8,CaskGemmConvolution,50,40
200,,1,40,256,1,model.6.cv2.conv,Conv2d,0.032345280088484286,0.02884799987077713,256,128,48,40,40,0.05956479907035827,fp16,1.1741780369993648,,,,success,1,sm50_xmma_conv_fprop_fused_conv_act_fp16_NCxHW2_fp16_NCxHW2_KCRS_fp16_fp16_fp16_Acchalf2_2_2_cC2_dC2_srcVec2_fltVec2_2_TP2_TQ8_C4_R1_S1_U1_V1,0xb4e36a692db6a520,CaskConvolution,50,40
200,,1,40,256,1,model.6.cv2.conv,Conv2d,0.02736928011290729,0.024191999807953835,256,128,56,40,40,0.0470783999189734,fp16,1.2021945070009679,,,,success,1,sm75_xmma_gemm_f16f16_f16f16_f16_tn_n_tilesize64x64x64_stage1_warpsize2x2x1_tensor16x8x8,0x00000000000204d9,CaskGemmConvolution,50,40
200,,1,40,256,1,model.6.cv2.conv,Conv2d,0.02790784018114209,0.02457600086927414,256,128,64,40,40,0.05472319945693016,fp16,1.192743152998446,,,,success,1,sm75_xmma_fprop_implicit_gemm_f16f16_f16f16_f16_nhwckrsc_nhwc_tilesize64x64x64_stage1_warpsize2x2x1_g1_tensor16x8x8_simple_t1r1s1,0x62a22cfa1199e58e,CaskConvolution,50,40
200,,1,40,256,1,model.6.cv2.conv,Conv2d,0.025788960224017502,0.024671999737620354,256,128,72,40,40,0.030734399240463967,fp16,1.2320833090016095,,,,success,1,sm75_xmma_gemm_f16f16_f16f16_f16_tn_n_tilesize64x32x64_stage1_warpsize2x2x1_tensor16x8x8,0x00000000000203a2,CaskGemmConvolution,50,40
200,,1,40,256,1,model.6.cv2.conv,Conv2d,0.026990560023114084,0.025728000327944756,256,128,80,40,40,0.036937601305544354,fp16,1.179934832998697,,,,success,1,sm75_xmma_fprop_implicit_gemm_f16f16_f16f16_f16_nhwckrsc_nhwc_tilesize64x32x64_stage1_warpsize2x1x2_g1_tensor16x8x8_t1r1s1,0xd8c128ae16cb4132,CaskConvolution,50,40
200,,1,40,256,1,model.6.cv2.conv,Conv2d,0.0426636797003448,0.04073600098490715,256,128,88,40,40,0.05366559848189352,fp16,1.2158136270008981,,,,success,1,volta_hcudnn_128x128_relu_interior_nn_v1,0x0ccb6665868f9bd5,CaskConvolution,50,40
200,,1,40,256,1,model.6.cv2.conv,Conv2d,0.04049279969185591,0.03984000161290169,256,128,96,40,40,0.04230560157448053,fp16,1.1784573549994093,,,,success,1,volta_hcudnn_128x128_relu_interior_nn_v1,0x0ccb6665868f9bd5,CaskConvolution,50,40
200,,1,40,256,1,model.6.cv2.conv,Conv2d,0.03485871980898082,0.0307839997112751,256,128,104,40,40,0.05590719878673543,fp16,1.1890686959995946,,,,success,1,sm75_xmma_gemm_f16f16_f16f16_f16_nn_n_tilesize64x128x32_stage1_warpsize2x2x1_tensor16x8x8,0x00000000000205c3,CaskGemmConvolution,50,40
200,,1,40,256,1,model.6.cv2.conv,Conv2d,0.04195215987041592,0.04055999964475632,256,128,112,40,40,0.052761599235236635,fp16,1.2149827180001012,,,,success,1,volta_hcudnn_128x128_relu_interior_nn_v1,0x0ccb6665868f9bd5,CaskConvolution,50,40
200,,1,40,256,1,model.6.cv2.conv,Conv2d,0.03328159978613257,0.030719999223947525,256,128,120,40,40,0.045927998796105346,fp16,1.175275273002626,,,,success,1,sm75_xmma_gemm_f16f16_f16f16_f16_tn_n_tilesize64x64x64_stage1_warpsize2x2x1_tensor16x8x8,0x00000000000204d9,CaskGemmConvolution,50,40
200,,1,40,256,1,model.6.cv2.conv,Conv2d,0.03115743993781507,0.02812799997627735,256,128,128,40,40,0.053592001274228064,fp16,1.1876366760006931,0.02879999950528145,0.023890768258349307,,success,1,sm75_xmma_fprop_implicit_gemm_f16f16_f16f16_f16_nhwckrsc_nhwc_tilesize64x64x64_stage1_warpsize2x2x1_g1_tensor16x8x8_simple_t1r1s1,0x62a22cfa1199e58e,CaskConvolution,50,40
200,,1,40,32,3,model.7.conv,Conv2d,0.029960320042446257,0.02595200017094612,128,256,64,20,20,0.053508800640702216,fp16,0.7609276619987213,,,,success,2,sm75_xmma_fprop_implicit_gemm_indexed_wo_smem_f16f16_f16f16_f16_nhwckrsc_nhwc_tilesize128x32x64_stage1_warpsize4x1x1_g1_tensor16x8x8_alignc8,0xc5917dd3c56d6621,CaskConvolution,50,40
200,,1,40,32,3,model.7.conv,Conv2d,0.029931359980255364,0.026623999699950218,128,256,128,20,20,0.051873600110411644,fp16,0.8145353170002636,,,,success,2,sm75_xmma_fprop_implicit_gemm_f16f16_f16f16_f16_nhwckrsc_nhwc_tilesize64x32x64_stage1_warpsize2x1x2_g1_tensor16x8x8_t1r3s3,0x5252dc6c9c5f3aff,CaskConvolution,50,40
200,,1,40,32,3,model.7.conv,Conv2d,0.025431040115654467,0.024351999163627625,128,256,192,20,20,0.030932800658047193,fp16,0.811001132002275,,,,success,2,sm75_xmma_fprop_implicit_gemm_indexed_wo_smem_f16f16_f16f16_f16_nhwckrsc_nhwc_tilesize128x32x64_stage1_warpsize4x1x1_g1_tensor16x8x8_alignc8,0xc5917dd3c56d6621,CaskConvolution,50,40
200,,1,40,32,3,model.7.conv,Conv2d,0.029849119875580074,0.026623999699950218,128,256,256,20,20,0.05436160024255513,fp16,0.7696363899995049,,,,success,2,sm75_xmma_fprop_implicit_gemm_indexed_wo_smem_f16f16_f16f16_f16_nhwckrsc_nhwc_tilesize128x16x64_stage1_warpsize4x1x1_g1_tensor16x8x8_alignc4,0x33509f977ccad5d4,CaskConvolution,50,40
200,,1,40,64,3,model.7.conv,Conv2d,0.026776160141453148,0.024992000311613083,128,256,64,20,20,0.03696959838271141,fp16,0.5371514770013164,,,,success,2,sm75_xmma_fprop_implicit_gemm_indexed_f16f16_f16f16_f16_nhwckrsc_nhwc_tilesize64x32x64_stage1_warpsize2x1x2_g1_tensor16x8x8,0x75585ae3e9dedb93,CaskConvolution,50,40
200,,1,40,64,3,model.7.conv,Conv2d,0.027807839941233398,0.026623999699950218,128,256,128,20,20,0.03422879967838525,fp16,0.5089182800002163,,,,success,2,sm75_xmma_fprop_implicit_gemm_indexed_f16f16_f16f16_f16_nhwckrsc_nhwc_tilesize64x32x64_stage1_warpsize2x1x2_g1_tensor16x8x8,0x75585ae3e9dedb93,CaskConvolution,50,40
200,,1,40,64,3,model.7.conv,Conv2d,0.029036799911409616,0.026399999856948853,128,256,192,20,20,0.04695199988782406,fp16,0.5241398990001471,,,,success,2,sm75_xmma_fprop_implicit_gemm_f16f16_f16f16_f16_nhwckrsc_nhwc_tilesize64x64x64_stage1_warpsize2x2x1_g1_tensor16x8x8_t1r3s3,0x6cee4d9c86b4cdd5,CaskConvolution,50,40
200,,1,40,64,3,model.7.conv,Conv2d,0.03153631999157369,0.02723200060427189,128,256,256,20,20,0.05718559920787809,fp16,0.5341133909969358,,,,success,2,sm75_xmma_fprop_implicit_gemm_f16f16_f16f16_f16_nhwckrsc_nhwc_tilesize64x64x64_stage1_warpsize2x2x1_g1_tensor16x8x8_t1r3s3,0x6cee4d9c86b4cdd5,CaskConvolution,50,40
200,,1,40,96,3,model.7.conv,Conv2d,0.03127856006845832,0.028672000393271446,128,256,64,20,20,0.046678401343524446,fp16,0.5292725510007585,,,,success,2,sm75_xmma_fprop_implicit_gemm_indexed_f16f16_f16f16_f16_nhwckrsc_nhwc_tilesize64x32x64_stage1_warpsize2x1x2_g1_tensor16x8x8,0x75585ae3e9dedb93,CaskConvolution,50,40
200,,1,40,96,3,model.7.conv,Conv2d,0.03190255981869996,0.030719999223947525,128,256,128,20,20,0.038993598334491224,fp16,0.5072417060000589,,,,success,2,sm75_xmma_fprop_implicit_gemm_f16f16_f16f16_f16_nhwckrsc_nhwc_tilesize64x32x64_stage1_warpsize2x1x2_g1_tensor16x8x8_t1r3s3,0x5252dc6c9c5f3aff,CaskConvolution,50,40
200,,1,40,96,3,model.7.conv,Conv2d,0.036452320022508505,0.03276799991726875,128,256,192,20,20,0.05248480103909969,fp16,0.528726895001455,,,,success,2,sm75_xmma_fprop_implicit_gemm_f16f16_f16f16_f16_nhwckrsc_nhwc_tilesize64x64x64_stage1_warpsize2x2x1_g1_tensor16x8x8_t1r3s3,0x6cee4d9c86b4cdd5,CaskConvolution,50,40
200,,1,40,96,3,model.7.conv,Conv2d,0.034553279858082535,0.03310399875044823,128,256,256,20,20,0.04475200157612562,fp16,0.5172814249999647,,,,success,2,sm75_xmma_fprop_implicit_gemm_f16f16_f16f16_f16_nhwckrsc_nhwc_tilesize64x64x64_stage1_warpsize2x2x1_g1_tensor16x8x8_t1r3s3,0x6cee4d9c86b4cdd5,CaskConvolution,50,40
200,,1,40,128,3,model.7.conv,Conv2d,0.029076639972627164,0.026559999212622643,128,256,8,20,20,0.04953600000590082,fp16,0.5421592810016591,,,,success,2,sm75_xmma_fprop_implicit_gemm_f16f16_f16f16_f16_nhwckrsc_nhwc_tilesize64x32x64_stage1_warpsize2x1x2_g1_tensor16x8x8_t1r3s3,0x5252dc6c9c5f3aff,CaskConvolution,50,40
200,,1,40,128,3,model.7.conv,Conv2d,0.028394879894331097,0.026623999699950218,128,256,16,20,20,0.03686880115419626,fp16,0.5350102630000038,,,,success,2,sm75_xmma_fprop_implicit_gemm_f16f16_f16f16_f16_nhwckrsc_nhwc_tilesize64x32x64_stage1_warpsize2x1x2_g1_tensor16x8x8_t1r3s3,0x5252dc6c9c5f3aff,CaskConvolution,50,40
200,,1,40,128,3,model.7.conv,Conv2d,0.032029919968917964,0.028575999662280083,128,256,24,20,20,0.05680160038173199,fp16,0.5324452730019402,,,,success,2,sm75_xmma_fprop_implicit_gemm_f16f16_f16f16_f16_nhwckrsc_nhwc_tilesize64x32x64_stage1_warpsize2x1x2_g1_tensor16x8x8_t1r3s3,0x5252dc6c9c5f3aff,CaskConvolution,50,40
200,,1,40,128,3,model.7.conv,Conv2d,0.031772479908540846,0.028144000098109245,128,256,32,20,20,0.05127519872039554,fp16,0.5360700829987763,,,,success,2,sm75_xmma_fprop_implicit_gemm_f16f16_f16f16_f16_nhwckrsc_nhwc_tilesize64x32x64_stage1_warpsize2x1x2_g1_tensor16x8x8_t1r3s3,0x5252dc6c9c5f3aff,CaskConvolution,50,40
200,,1,40,128,3,model.7.conv,Conv2d,0.03113295993767679,0.028255999088287354,128,256,40,20,20,0.04508480038493871,fp16,0.5439088980019733,,,,success,2,sm75_xmma_fprop_implicit_gemm_f16f16_f16f16_f16_nhwckrsc_nhwc_tilesize64x32x64_stage1_warpsize2x1x2_g1_tensor16x8x8,0x55fb34a08663e5ae,CaskConvolution,50,40
200,,1,40,128,3,model.7.conv,Conv2d,0.02930783998221159,0.028384000062942505,128,256,48,20,20,0.03489600066095588,fp16,0.5546402630025113,,,,success,2,sm75_xmma_fprop_implicit_gemm_f16f16_f16f16_f16_nhwckrsc_nhwc_tilesize64x32x64_stage1_warpsize2x1x2_g1_tensor16x8x8_t1r3s3,0x5252dc6c9c5f3aff,CaskConvolution,50,40
200,,1,40,128,3,model.7.conv,Conv2d,0.029783999966457485,0.028384000062942505,128,256,56,20,20,0.04202079959213734,fp16,0.5520124329996179,,,,success,2,sm75_xmma_fprop_implicit_gemm_f16f16_f16f16_f16_nhwckrsc_nhwc_tilesize64x32x64_stage1_warpsize2x1x2_g1_tensor16x8x8,0x55fb34a08663e5ae,CaskConvolution,50,40
200,,1,40,128,3,model.7.conv,Conv2d,0.03106256006285548,0.029343999922275543,128,256,64,20,20,0.03706880118697875,fp16,0.5308845750005275,,,,success,2,sm75_xmma_fprop_implicit_gemm_indexed_f16f16_f16f16_f16_nhwckrsc_nhwc_tilesize64x32x64_stage1_warpsize2x1x2_g1_tensor16x8x8,0x75585ae3e9dedb93,CaskConvolution,50,40
200,,1,40,128,3,model.7.conv,Conv2d,0.032334880139678716,0.028960000723600388,128,256,72,20,20,0.05417119860649107,fp16,0.5583466969983419,,,,success,2,sm75_xmma_fprop_implicit_gemm_f16f16_f16f16_f16_nhwckrsc_nhwc_tilesize64x32x64_stage1_warpsize2x1x2_g1_tensor16x8x8_t1r3s3,0x5252dc6c9c5f3aff,CaskConvolution,50,40
200,,1,40,128,3,model.7.conv,Conv2d,0.032489600060507655,0.028672000393271446,128,256,80,20,20,0.05585440006107089,fp16,0.5383185169994249,,,,success,2,sm75_xmma_fprop_implicit_gemm_f16f16_f16f16_f16_nhwckrsc_nhwc_tilesize64x32x64_stage1_warpsize2x1x2_g1_tensor16x8x8_t1r3s3,0x5252dc6c9c5f3aff,CaskConvolution,50,40
200,,1,40,128,3,model.7.conv,Conv2d,0.03023312003351748,0.02923200000077486,128,256,88,20,20,0.03338239993900056,fp16,0.5502012920005654,,,,success,2,sm75_xmma_fprop_implicit_gemm_indexed_f16f16_f16f16_f16_nhwckrsc_nhwc_tilesize64x32x64_stage1_warpsize2x1x2_g1_tensor16x8x8,0x75585ae3e9dedb93,CaskConvolution,50,40
200,,1,40,128,3,model.7.conv,Conv2d,0.032189919902011754,0.028672000393271446,128,256,96,20,20,0.052316798642277666,fp16,0.5417910360010865,,,,success,2,sm75_xmma_fprop_implicit_gemm_f16f16_f16f16_f16_nhwckrsc_nhwc_tilesize64x32x64_stage1_warpsize2x1x2_g1_tensor16x8x8_t1r3s3,0x5252dc6c9c5f3aff,CaskConvolution,50,40
200,,1,40,128,3,model.7.conv,Conv2d,0.032405759990215305,0.029920000582933426,128,256,104,20,20,0.049470400251448145,fp16,0.5477416300018376,,,,success,2,sm75_xmma_fprop_implicit_gemm_f16f16_f16f16_f16_nhwckrsc_nhwc_tilesize64x32x64_stage1_warpsize2x1x2_g1_tensor16x8x8_t1r3s3,0x5252dc6c9c5f3aff,CaskConvolution,50,40
200,,1,40,128,3,model.7.conv,Conv2d,0.033078239923343064,0.030719999223947525,128,256,112,20,20,0.04511680025607345,fp16,0.5615253870018933,,,,success,2,sm75_xmma_fprop_implicit_gemm_f16f16_f16f16_f16_nhwckrsc_nhwc_tilesize64x32x64_stage1_warpsize2x1x2_g1_tensor16x8x8_t1r3s3,0x5252dc6c9c5f3aff,CaskConvolution,50,40
200,,1,40,128,3,model.7.conv,Conv2d,0.03127408003434539,0.029279999434947968,128,256,120,20,20,0.040979198925197115,fp16,0.5622832480003126,,,,success,2,sm75_xmma_fprop_implicit_gemm_f16f16_f16f16_f16_nhwckrsc_nhwc_tilesize64x32x64_stage1_warpsize2x1x2_g1_tensor16x8x8_t1r3s3,0x5252dc6c9c5f3aff,CaskConvolution,50,40
200,,1,40,128,3,model.7.conv,Conv2d,0.032571839904412626,0.031072000041604042,128,256,128,20,20,0.03910879828035825,fp16,0.5140268840004865,,,,success,2,sm75_xmma_fprop_implicit_gemm_f16f16_f16f16_f16_nhwckrsc_nhwc_tilesize64x32x64_stage1_warpsize2x1x2_g1_tensor16x8x8,0x55fb34a08663e5ae,CaskConvolution,50,40
200,,1,40,128,3,model.7.conv,Conv2d,0.031532639991492036,0.030527999624609947,128,256,136,20,20,0.040947198867797845,fp16,0.5401119039997866,,,,success,2,sm75_xmma_fprop_implicit_gemm_f16f16_f16f16_f16_nhwckrsc_nhwc_tilesize64x32x64_stage1_warpsize2x1x2_g1_tensor16x8x8_t1r3s3,0x5252dc6c9c5f3aff,CaskConvolution,50,40
200,,1,40,128,3,model.7.conv,Conv2d,0.033622719934210184,0.030719999223947525,128,256,144,20,20,0.04913919977843753,fp16,0.5491423690000374,,,,success,2,sm75_xmma_fprop_implicit_gemm_f16f16_f16f16_f16_nhwckrsc_nhwc_tilesize64x32x64_stage1_warpsize2x1x2_g1_tensor16x8x8_t1r3s3,0x5252dc6c9c5f3aff,CaskConvolution,50,40
200,,1,40,128,3,model.7.conv,Conv2d,0.03278895979747176,0.030704000033438206,128,256,152,20,20,0.04420160092413424,fp16,0.5600596010008303,,,,success,2,sm75_xmma_fprop_implicit_gemm_f16f16_f16f16_f16_nhwckrsc_nhwc_tilesize64x32x64_stage1_warpsize2x1x2_g1_tensor16x8x8,0x55fb34a08663e5ae,CaskConvolution,50,40
200,,1,40,128,3,model.7.conv,Conv2d,0.0343094399292022,0.03198400139808655,128,256,160,20,20,0.04720640107989308,fp16,0.5334791499990388,,,,success,2,sm75_xmma_fprop_implicit_gemm_f16f16_f16f16_f16_nhwckrsc_nhwc_tilesize64x32x64_stage1_warpsize2x1x2_g1_tensor16x8x8_t1r3s3,0x5252dc6c9c5f3aff,CaskConvolution,50,40
200,,1,40,128,3,model.7.conv,Conv2d,0.03426352001726627,0.03276799991726875,128,256,168,20,20,0.043110399693250624,fp16,0.5392182610012242,,,,success,2,sm75_xmma_fprop_implicit_gemm_f16f16_f16f16_f16_nhwckrsc_nhwc_tilesize64x32x64_stage1_warpsize2x1x2_g1_tensor16x8x8,0x55fb34a08663e5ae,CaskConvolution,50,40
200,,1,40,128,3,model.7.conv,Conv2d,0.033771999971941115,0.03244800120592117,128,256,176,20,20,0.03922399841248978,fp16,0.5353304790005495,,,,success,2,sm75_xmma_fprop_implicit_gemm_f16f16_f16f16_f16_nhwckrsc_nhwc_tilesize64x32x64_stage1_warpsize2x1x2_g1_tensor16x8x8_t1r3s3,0x5252dc6c9c5f3aff,CaskConvolution,50,40
200,,1,40,128,3,model.7.conv,Conv2d,0.03567328000441194,0.03283200040459633,128,256,184,20,20,0.04984799940139054,fp16,0.5530493289988954,,,,success,2,sm75_xmma_fprop_implicit_gemm_f16f16_f16f16_f16_nhwckrsc_nhwc_tilesize64x64x64_stage1_warpsize2x2x1_g1_tensor16x8x8_t1r3s3,0x6cee4d9c86b4cdd5,CaskConvolution,50,40
200,,1,40,128,3,model.7.conv,Conv2d,0.035262399967759844,0.03276799991726875,128,256,192,20,20,0.04892960004508495,fp16,0.5096005150007841,,,,success,2,sm75_xmma_fprop_implicit_gemm_f16f16_f16f16_f16_nhwckrsc_nhwc_tilesize64x64x64_stage1_warpsize2x2x1_g1_tensor16x8x8_t1r3s3,0x6cee4d9c86b4cdd5,CaskConvolution,50,40
200,,1,40,128,3,model.7.conv,Conv2d,0.03606527986004949,0.033424001187086105,128,256,200,20,20,0.051420800015330295,fp16,0.539687063999736,,,,success,2,sm75_xmma_fprop_implicit_gemm_f16f16_f16f16_f16_nhwckrsc_nhwc_tilesize64x64x64_stage1_warpsize2x2x1_g1_tensor16x8x8_t1r3s3,0x6cee4d9c86b4cdd5,CaskConvolution,50,40
200,,1,40,128,3,model.7.conv,Conv2d,0.03921808013692498,0.035999998450279236,128,256,208,20,20,0.05545920059084889,fp16,0.5312117140019836,,,,success,2,sm75_xmma_fprop_implicit_gemm_f16f16_f16f16_f16_nhwckrsc_nhwc_tilesize64x64x64_stage1_warpsize2x2x1_g1_tensor16x8x8_t1r3s3,0x6cee4d9c86b4cdd5,CaskConvolution,50,40
200,,1,40,128,3,model.7.conv,Conv2d,0.03536159994080663,0.03284800052642822,128,256,216,20,20,0.04908960126340389,fp16,0.5375286090020381,,,,success,2,sm75_xmma_fprop_implicit_gemm_f16f16_f16f16_f16_nhwckrsc_nhwc_tilesize64x32x64_stage1_warpsize2x1x2_g1_tensor16x8x8_t1r3s3,0x5252dc6c9c5f3aff,CaskConvolution,50,40
200,,1,40,128,3,model.7.conv,Conv2d,0.03850032007321715,0.03387200087308884,128,256,224,20,20,0.05841119997203343,fp16,0.536354145999212,,,,success,2,sm75_xmma_fprop_implicit_gemm_f16f16_f16f16_f16_nhwckrsc_nhwc_tilesize64x64x64_stage1_warpsize2x2x1_g1_tensor16x8x8_t1r3s3,0x6cee4d9c86b4cdd5,CaskConvolution,50,40
200,,1,40,128,3,model.7.conv,Conv2d,0.036784800104796886,0.034352000802755356,128,256,232,20,20,0.05182239934802054,fp16,0.5242466049967334,,,,success,2,sm75_xmma_fprop_implicit_gemm_f16f16_f16f16_f16_nhwckrsc_nhwc_tilesize64x64x64_stage1_warpsize2x2x1_g1_tensor16x8x8,0x58eea09dffe038fd,CaskConvolution,50,40
200,,1,40,128,3,model.7.conv,Conv2d,0.03555856021121144,0.034143999218940735,128,256,240,20,20,0.047129601053893556,fp16,0.5367600169993239,,,,success,2,sm75_xmma_fprop_implicit_gemm_f16f16_f16f16_f16_nhwckrsc_nhwc_tilesize64x64x64_stage1_warpsize2x2x1_g1_tensor16x8x8,0x58eea09dffe038fd,CaskConvolution,50,40
200,,1,40,128,3,model.7.conv,Conv2d,0.03792624028399587,0.036031998693943024,128,256,248,20,20,0.050716798566281786,fp16,0.5209351909979887,,,,success,2,sm75_xmma_fprop_implicit_gemm_f16f16_f16f16_f16_nhwckrsc_nhwc_tilesize64x64x64_stage1_warpsize2x2x1_g1_tensor16x8x8_t1r3s3,0x6cee4d9c86b4cdd5,CaskConvolution,50,40
200,,1,40,128,3,model.7.conv,Conv2d,0.03678687995299697,0.034063998609781265,128,256,256,20,20,0.05799200069159264,fp16,0.5243395970028359,0.03481600061058998,0.022076151699723916,,success,2,sm75_xmma_fprop_implicit_gemm_f16f16_f16f16_f16_nhwckrsc_nhwc_tilesize64x64x64_stage1_warpsize2x2x1_g1_tensor16x8x8_t1r3s3,0x6cee4d9c86b4cdd5,CaskConvolution,50,40
200,,1,20,64,1,model.8.cv1.conv,Conv2d,0.02423248013481498,0.0230880007147789,256,256,64,20,20,0.02836799984797835,fp16,1.0439518189996306,,,,success,1,volta_hcudnn_128x128_relu_interior_nn_v1,0x0ccb6665868f9bd5,CaskConvolution,50,20
200,,1,20,64,1,model.8.cv1.conv,Conv2d,0.027451200131326913,0.025008000433444977,256,256,128,20,20,0.04164800010621546,fp16,1.0214680940007383,,,,success,1,volta_hcudnn_128x128_relu_medium_nn_v1,0xd74356270b3a903a,CaskConvolution,50,20
200,,1,20,64,1,model.8.cv1.conv,Conv2d,0.02645776025019586,0.0244159996509552,256,256,192,20,20,0.03287039995193478,fp16,1.0637665389986068,,,,success,1,volta_hcudnn_128x128_relu_medium_nn_v1,0xd74356270b3a903a,CaskConvolution,50,20
200,,1,20,64,1,model.8.cv1.conv,Conv2d,0.02749952002428472,0.025151999667286873,256,256,256,20,20,0.04276000130921602,fp16,1.028284520998568,,,,success,1,volta_hcudnn_128x128_relu_interior_nn_v1,0x0ccb6665868f9bd5,CaskConvolution,50,20
200,,1,20,128,1,model.8.cv1.conv,Conv2d,0.028258400056511163,0.024560000747442245,256,256,64,20,20,0.049334401637315686,fp16,1.0877236820015241,,,,success,1,sm75_xmma_gemm_f16f16_f16f16_f16_nn_n_tilesize32x32x64_stage1_warpsize2x2x1_tensor16x8x8,0x00000000000205c4,CaskGemmConvolution,50,20
200,,1,20,128,1,model.8.cv1.conv,Conv2d,0.031037920014932753,0.02980799973011017,256,256,128,20,20,0.040078399330377566,fp16,1.0110629000009794,,,,success,1,volta_hcudnn_128x128_relu_interior_nn_v1,0x0ccb6665868f9bd5,CaskConvolution,50,20
200,,1,20,128,1,model.8.cv1.conv,Conv2d,0.025540800113230944,0.023856000043451786,256,256,192,20,20,0.038929598405957215,fp16,1.0576648069982184,,,,success,1,sm75_xmma_gemm_f16f16_f16f16_f16_nn_n_tilesize64x64x64_stage1_warpsize2x2x1_tensor16x8x8,0x00000000000204c8,CaskGemmConvolution,50,20
200,,1,20,128,1,model.8.cv1.conv,Conv2d,0.023842240031808615,0.02238400001078844,256,256,256,20,20,0.028774400334805217,fp16,1.0089242280009785,,,,success,1,volta_h884gemm_64x64_ldg8_relu_tn_v1,0x00000000000200e8,CaskGemmConvolution,50,20
200,,1,20,192,1,model.8.cv1.conv,Conv2d,0.027646560026332735,0.02364799939095974,256,256,64,20,20,0.0554880008101463,fp16,1.050314169999183,,,,success,1,sm75_xmma_gemm_f16f16_f16f16_f16_tn_n_tilesize32x32x64_stage1_warpsize2x2x1_tensor16x8x8,0x00000000000201d7,CaskGemmConvolution,50,20
200,,1,20,192,1,model.8.cv1.conv,Conv2d,0.02693616010248661,0.023312000557780266,256,256,128,20,20,0.04521760120987891,fp16,1.0465801390018896,,,,success,1,sm75_xmma_fprop_implicit_gemm_f16f16_f16f16_f16_nhwckrsc_nhwc_tilesize64x32x64_stage1_warpsize2x1x2_g1_tensor16x8x8_simple_t1r1s1,0x017a89ce2d82b850,CaskConvolution,50,20
200,,1,20,192,1,model.8.cv1.conv,Conv2d,0.02499583996832371,0.022352000698447227,256,256,192,20,20,0.047521600499749184,fp16,1.0395549010027025,,,,success,1,sm75_xmma_gemm_f16f16_f16f16_f16_tn_n_tilesize32x32x64_stage1_warpsize2x2x1_tensor16x8x8,0x00000000000201d7,CaskGemmConvolution,50,20
200,,1,20,192,1,model.8.cv1.conv,Conv2d,0.02716416015289724,0.02436799928545952,256,256,256,20,20,0.0493056016042828,fp16,1.026376738002,,,,success,1,sm75_xmma_fprop_implicit_gemm_f16f16_f16f16_f16_nhwckrsc_nhwc_tilesize64x64x64_stage1_warpsize2x2x1_g1_tensor16x8x8_t1r1s1,0xe67db95e0c20b618,CaskConvolution,50,20
200,,1,20,256,1,model.8.cv1.conv,Conv2d,0.025761120105162263,0.024000000208616257,256,256,8,20,20,0.03786880113184451,fp16,1.2005290640008752,,,,success,1,sm50_xmma_conv_fprop_fused_conv_act_fp16_NCxHW2_fp16_NCxHW2_KCRS_fp16_fp16_fp16_Acchalf2_2_2_cC2_dC2_srcVec2_fltVec2_2_TP2_TQ8_C8_R1_S1_U1_V1,0x41d8d29c4984b1e2,CaskConvolution,50,20
200,,1,20,256,1,model.8.cv1.conv,Conv2d,0.026774559998884798,0.023744000121951103,256,256,16,20,20,0.047902399487793436,fp16,1.1833482570000342,,,,success,1,sm75_xmma_fprop_implicit_gemm_f16f16_f16f16_f16_nhwckrsc_nhwc_tilesize64x32x64_stage1_warpsize2x1x2_g1_tensor16x8x8_t1r1s1,0xd8c128ae16cb4132,CaskConvolution,50,20
200,,1,20,256,1,model.8.cv1.conv,Conv2d,0.026844640085473655,0.024447999894618988,256,256,24,20,20,0.050287999212741845,fp16,1.2224867610020738,,,,success,1,sm70_xmma_fprop_implicit_gemm_f16f16_f16f16_f16_nhwckrsc_nhwc_tilesize64x32x64_stage1_warpsize2x1x2_g1_tensor8x8x4_t1r1s1,0xf883bd61103a5c32,CaskConvolution,50,20
200,,1,20,256,1,model.8.cv1.conv,Conv2d,0.025980800110846757,0.023760000243782997,256,256,32,20,20,0.03930240087211131,fp16,1.1797335049996036,,,,success,1,sm70_xmma_fprop_implicit_gemm_f16f16_f16f16_f16_nhwckrsc_nhwc_tilesize64x32x64_stage1_warpsize2x1x2_g1_tensor8x8x4_simple_t1r1s1,0x81a7be09ad63581a,CaskConvolution,50,20
200,,1,20,256,1,model.8.cv1.conv,Conv2d,0.02591008006595075,0.022576000541448593,256,256,40,20,20,0.046497599966824045,fp16,1.194240117998561,,,,success,1,sm75_xmma_gemm_f16f16_f16f16_f16_tn_n_tilesize64x32x64_stage1_warpsize2x2x1_tensor16x8x8,0x00000000000203a2,CaskGemmConvolution,50,20
200,,1,20,256,1,model.8.cv1.conv,Conv2d,0.024248640043660997,0.022207999601960182,256,256,48,20,20,0.03485920056700705,fp16,1.190877676999662,,,,success,1,sm75_xmma_gemm_f16f16_f16f16_f16_tn_n_tilesize32x32x64_stage1_warpsize2x2x1_tensor16x8x8,0x00000000000201d7,CaskGemmConvolution,50,20
200,,1,20,256,1,model.8.cv1.conv,Conv2d,0.02519759999588132,0.022463999688625336,256,256,56,20,20,0.04695199988782406,fp16,1.2052312739979243,,,,success,1,sm75_xmma_gemm_f16f16_f16f16_f16_tn_n_tilesize32x32x64_stage1_warpsize2x2x1_tensor16x8x8,0x00000000000201d7,CaskGemmConvolution,50,20
200,,1,20,256,1,model.8.cv1.conv,Conv2d,0.02652352006174624,0.022544000297784805,256,256,64,20,20,0.04982719905674455,fp16,1.2372159970000212,,,,success,1,sm75_xmma_gemm_f16f16_f16f16_f16_tn_n_tilesize32x32x64_stage1_warpsize2x2x1_tensor16x8x8,0x00000000000201d7,CaskGemmConvolution,50,20
200,,1,20,256,1,model.8.cv1.conv,Conv2d,0.02430655999109149,0.02247999981045723,256,256,72,20,20,0.03943519834429024,fp16,1.219760904998111,,,,success,1,sm75_xmma_gemm_f16f16_f16f16_f16_nn_n_tilesize32x32x64_stage1_warpsize2x2x1_tensor16x8x8,0x00000000000205c4,CaskGemmConvolution,50,20
200,,1,20,256,1,model.8.cv1.conv,Conv2d,0.02227279999293387,0.02219199948012829,256,256,80,20,20,0.02454560063779354,fp16,1.2194113019977522,,,,success,1,sm75_xmma_gemm_f16f16_f16f16_f16_tn_n_tilesize32x32x64_stage1_warpsize2x2x1_tensor16x8x8,0x00000000000201d7,CaskGemmConvolution,50,20
200,,1,20,256,1,model.8.cv1.conv,Conv2d,0.024644960099831224,0.02324800007045269,256,256,88,20,20,0.03246400114148855,fp16,1.1821959039989451,,,,success,1,sm75_xmma_fprop_implicit_gemm_f16f16_f16f16_f16_nhwckrsc_nhwc_tilesize64x32x64_stage1_warpsize2x1x2_g1_tensor16x8x8_simple_t1r1s1,0x017a89ce2d82b850,CaskConvolution,50,20
200,,1,20,256,1,model.8.cv1.conv,Conv2d,0.027391680013388396,0.024272000417113304,256,256,96,20,20,0.04939199965447187,fp16,1.222961770999973,,,,success,1,sm75_xmma_fprop_implicit_gemm_f16f16_f16f16_f16_nhwckrsc_nhwc_tilesize64x32x64_stage1_warpsize2x1x2_g1_tensor16x8x8_simple_t1r1s1,0x017a89ce2d82b850,CaskConvolution,50,20
200,,1,20,256,1,model.8.cv1.conv,Conv2d,0.02347279998473823,0.021888000890612602,256,256,104,20,20,0.03707199860364196,fp16,1.1843848409989732,,,,success,1,volta_h884gemm_64x64_ldg8_relu_tn_v1,0x00000000000200e8,CaskGemmConvolution,50,20
200,,1,20,256,1,model.8.cv1.conv,Conv2d,0.023684960110113024,0.02252800017595291,256,256,112,20,20,0.02969920067116618,fp16,1.1805835500017565,,,,success,1,sm75_xmma_gemm_f16f16_f16f16_f16_tn_n_tilesize32x32x64_stage1_warpsize2x2x1_tensor16x8x8,0x00000000000201d7,CaskGemmConvolution,50,20
200,,1,20,256,1,model.8.cv1.conv,Conv2d,0.026173600116744637,0.022735999897122383,256,256,120,20,20,0.04778720159083601,fp16,1.205485956001212,,,,success,1,sm75_xmma_gemm_f16f16_f16f16_f16_tn_n_tilesize64x32x64_stage1_warpsize2x2x1_tensor16x8x8,0x00000000000203a2,CaskGemmConvolution,50,20
200,,1,20,256,1,model.8.cv1.conv,Conv2d,0.026596320038661362,0.02252800017595291,256,256,128,20,20,0.047771200537681496,fp16,1.2254251379999914,,,,success,1,sm75_xmma_gemm_f16f16_f16f16_f16_tn_n_tilesize64x32x64_stage1_warpsize2x2x1_tensor16x8x8,0x00000000000203a2,CaskGemmConvolution,50,20
200,,1,20,256,1,model.8.cv1.conv,Conv2d,0.026509600039571524,0.02252800017595291,256,256,136,20,20,0.056048000790178715,fp16,1.1958661729986488,,,,success,1,sm75_xmma_gemm_f16f16_f16f16_f16_tn_n_tilesize64x32x64_stage1_warpsize2x2x1_tensor16x8x8,0x00000000000203a2,CaskGemmConvolution,50,20
200,,1,20,256,1,model.8.cv1.conv,Conv2d,0.026754560098052025,0.024159999564290047,256,256,144,20,20,0.044056000001728525,fp16,1.2031936429993948,,,,success,1,sm75_xmma_gemm_f16f16_f16f16_f16_nn_n_tilesize64x32x64_stage1_warpsize2x2x1_tensor16x8x8,0x000000000002037c,CaskGemmConvolution,50,20
200,,1,20,256,1,model.8.cv1.conv,Conv2d,0.02829952012747526,0.02470399998128414,256,256,152,20,20,0.04611040037125347,fp16,1.2242263250009273,,,,success,1,sm75_xmma_fprop_implicit_gemm_f16f16_f16f16_f16_nhwckrsc_nhwc_tilesize64x32x64_stage1_warpsize2x1x2_g1_tensor16x8x8_simple_t1r1s1,0x017a89ce2d82b850,CaskConvolution,50,20
200,,1,20,256,1,model.8.cv1.conv,Conv2d,0.03042224010452628,0.025760000571608543,256,256,160,20,20,0.0636431992053985,fp16,1.2280313869996462,,,,success,1,sm75_xmma_fprop_implicit_gemm_indexed_f16f16_f16f16_f16_nhwckrsc_nhwc_tilesize64x32x64_stage1_warpsize2x1x2_g1_tensor16x8x8,0x75585ae3e9dedb93,CaskConvolution,50,20
200,,1,20,256,1,model.8.cv1.conv,Conv2d,0.02511024004779756,0.02223999984562397,256,256,168,20,20,0.04766080100089309,fp16,1.2096274899995478,,,,success,1,sm75_xmma_gemm_f16f16_f16f16_f16_nn_n_tilesize32x32x64_stage1_warpsize2x2x1_tensor16x8x8,0x00000000000205c4,CaskGemmConvolution,50,20
200,,1,20,256,1,model.8.cv1.conv,Conv2d,0.02620448002591729,0.022735999897122383,256,256,176,20,20,0.045744000189006255,fp16,1.1719334669978707,,,,success,1,sm75_xmma_gemm_f16f16_f16f16_f16_tn_n_tilesize32x32x64_stage1_warpsize2x2x1_tensor16x8x8,0x00000000000201d7,CaskGemmConvolution,50,20
200,,1,20,256,1,model.8.cv1.conv,Conv2d,0.025936480136588214,0.023663999512791634,256,256,184,20,20,0.03907039910554884,fp16,1.1824058539968973,,,,success,1,sm75_xmma_fprop_implicit_gemm_f16f16_f16f16_f16_nhwckrsc_nhwc_tilesize64x64x64_stage1_warpsize2x2x1_g1_tensor16x8x8_simple_t1r1s1,0x62a22cfa1199e58e,CaskConvolution,50,20
200,,1,20,256,1,model.8.cv1.conv,Conv2d,0.026372800040990116,0.023136000148952007,256,256,192,20,20,0.047528000921010824,fp16,1.206915058002778,,,,success,1,sm75_xmma_fprop_implicit_gemm_f16f16_f16f16_f16_nhwckrsc_nhwc_tilesize64x64x64_stage1_warpsize2x2x1_g1_tensor16x8x8_t1r1s1,0xe67db95e0c20b618,CaskConvolution,50,20
200,,1,20,256,1,model.8.cv1.conv,Conv2d,0.02694672007113695,0.022816000506281853,256,256,200,20,20,0.05189919918775553,fp16,1.2068584549997468,,,,success,1,sm75_xmma_gemm_f16f16_f16f16_f16_tn_n_tilesize64x64x64_stage1_warpsize2x2x1_tensor16x8x8,0x00000000000204d9,CaskGemmConvolution,50,20
200,,1,20,256,1,model.8.cv1.conv,Conv2d,0.029389600101858378,0.02457600086927414,256,256,208,20,20,0.05058240033686156,fp16,1.2013370519998716,,,,success,1,sm75_xmma_gemm_f16f16_f16f16_f16_tn_n_tilesize64x64x64_stage1_warpsize2x2x1_tensor16x8x8,0x00000000000204d9,CaskGemmConvolution,50,20
200,,1,20,256,1,model.8.cv1.conv,Conv2d,0.026096800016239284,0.022592000663280487,256,256,216,20,20,0.04711200091987848,fp16,1.1819693759971415,,,,success,1,sm75_xmma_gemm_f16f16_f16f16_f16_tn_n_tilesize64x64x64_stage1_warpsize2x2x1_tensor16x8x8,0x00000000000204d9,CaskGemmConvolution,50,20
200,,1,20,256,1,model.8.cv1.conv,Conv2d,0.023687040032818914,0.022415999323129654,256,256,224,20,20,0.031145600974559717,fp16,1.1929367479970097,,,,success,1,sm75_xmma_gemm_f16f16_f16f16_f16_tn_n_tilesize64x64x64_stage1_warpsize2x2x1_tensor16x8x8,0x00000000000204d9,CaskGemmConvolution,50,20
200,,1,20,256,1,model.8.cv1.conv,Conv2d,0.024263360062614082,0.02252800017595291,256,256,232,20,20,0.03338720053434371,fp16,1.1848911750021216,,,,success,1,sm75_xmma_gemm_f16f16_f16f16_f16_tn_n_tilesize64x64x64_stage1_warpsize2x2x1_tensor16x8x8,0x00000000000204d9,CaskGemmConvolution,50,20
200,,1,20,256,1,model.8.cv1.conv,Conv2d,0.02563120017759502,0.023887999355793,256,256,240,20,20,0.03829439990222449,fp16,1.183595903999958,,,,success,1,sm75_xmma_fprop_implicit_gemm_f16f16_f16f16_f16_nhwckrsc_nhwc_tilesize64x64x64_stage1_warpsize2x2x1_g1_tensor16x8x8_simple_t1r1s1,0x62a22cfa1199e58e,CaskConvolution,50,20
200,,1,20,256,1,model.8.cv1.conv,Conv2d,0.02597952020354569,0.02457600086927414,256,256,248,20,20,0.030801600869744976,fp16,1.2171855119995598,,,,success,1,sm75_xmma_gemm_f16f16_f16f16_f16_nn_n_tilesize64x64x64_stage1_warpsize2x2x1_tensor16x8x8,0x00000000000204c8,CaskGemmConvolution,50,20
200,,1,20,256,1,model.8.cv1.conv,Conv2d,0.02739872003905475,0.023376000113785267,256,256,256,20,20,0.055296000093221664,fp16,1.196927021999727,0.026623999699950218,0.13894590906720372,,success,1,sm75_xmma_fprop_implicit_gemm_f16f16_f16f16_f16_nhwckrsc_nhwc_tilesize64x32x64_stage1_warpsize2x1x2_g1_tensor16x8x8_simple_t1r1s1,0x017a89ce2d82b850,CaskConvolution,50,20
200,,1,20,32,3,model.8.m.0.cv1.conv,Conv2d,0.026396160051226615,0.0226879995316267,128,128,32,20,20,0.04720000103116032,fp16,0.9243554570020933,,,,success,1,sm75_xmma_fprop_implicit_gemm_indexed_f16f16_f16f16_f16_nhwckrsc_nhwc_tilesize64x32x64_stage1_warpsize2x1x2_g1_tensor16x8x8,0x75585ae3e9dedb93,CaskConvolution,50,20
200,,1,20,32,3,model.8.m.0.cv2.conv,Conv2d,0.026396160051226615,0.0226879995316267,128,128,32,20,20,0.04720000103116032,fp16,0.9243554570020933,,,,success,1,sm75_xmma_fprop_implicit_gemm_indexed_f16f16_f16f16_f16_nhwckrsc_nhwc_tilesize64x32x64_stage1_warpsize2x1x2_g1_tensor16x8x8,0x75585ae3e9dedb93,CaskConvolution,50,20
200,,1,20,32,3,model.8.m.0.cv1.conv,Conv2d,0.02873968007043004,0.02457600086927414,128,128,64,20,20,0.05219520125538105,fp16,0.8878087670018431,,,,success,1,sm75_xmma_fprop_implicit_gemm_f16f16_f16f16_f16_nhwckrsc_nhwc_tilesize128x32x32_stage1_warpsize4x1x1_g1_tensor16x8x8_t1r3s3,0xcb7b50f35a87094b,CaskConvolution,50,20
200,,1,20,32,3,model.8.m.0.cv2.conv,Conv2d,0.02873968007043004,0.02457600086927414,128,128,64,20,20,0.05219520125538105,fp16,0.8878087670018431,,,,success,1,sm75_xmma_fprop_implicit_gemm_f16f16_f16f16_f16_nhwckrsc_nhwc_tilesize128x32x32_stage1_warpsize4x1x1_g1_tensor16x8x8_t1r3s3,0xcb7b50f35a87094b,CaskConvolution,50,20
200,,1,20,32,3,model.8.m.0.cv1.conv,Conv2d,0.025908319996669888,0.022576000541448593,128,128,96,20,20,0.04728319868445396,fp16,0.878886465998221,,,,success,1,volta_fp16x2_hcudnn_winograd_fp16x2_128x128_ldg1_ldg4_relu_tile148t_nt_v1,0xd46b3ee2b59f893c,CaskConvolution,50,20
200,,1,20,32,3,model.8.m.0.cv2.conv,Conv2d,0.025908319996669888,0.022576000541448593,128,128,96,20,20,0.04728319868445396,fp16,0.878886465998221,,,,success,1,volta_fp16x2_hcudnn_winograd_fp16x2_128x128_ldg1_ldg4_relu_tile148t_nt_v1,0xd46b3ee2b59f893c,CaskConvolution,50,20
200,,1,20,32,3,model.8.m.0.cv1.conv,Conv2d,0.03412224007770419,0.03276799991726875,128,128,128,20,20,0.0636815998703241,fp16,0.8748799079985474,,,,success,1,sm75_xmma_fprop_implicit_gemm_f16f16_f16f16_f16_nhwckrsc_nhwc_tilesize128x32x32_stage1_warpsize4x1x1_g1_tensor16x8x8_t1r3s3,0xcb7b50f35a87094b,CaskConvolution,50,20
200,,1,20,32,3,model.8.m.0.cv2.conv,Conv2d,0.03412224007770419,0.03276799991726875,128,128,128,20,20,0.0636815998703241,fp16,0.8748799079985474,,,,success,1,sm75_xmma_fprop_implicit_gemm_f16f16_f16f16_f16_nhwckrsc_nhwc_tilesize128x32x32_stage1_warpsize4x1x1_g1_tensor16x8x8_t1r3s3,0xcb7b50f35a87094b,CaskConvolution,50,20
200,,1,20,64,3,model.8.m.0.cv1.conv,Conv2d,0.032169919991865754,0.02457600086927414,128,128,32,20,20,0.0655359998345375,fp16,0.7668968250000034,,,,success,1,sm75_xmma_fprop_implicit_gemm_indexed_f16f16_f16f16_f16_nhwckrsc_nhwc_tilesize64x32x64_stage1_warpsize2x1x2_g1_tensor16x8x8,0x75585ae3e9dedb93,CaskConvolution,50,20
200,,1,20,64,3,model.8.m.0.cv2.conv,Conv2d,0.032169919991865754,0.02457600086927414,128,128,32,20,20,0.0655359998345375,fp16,0.7668968250000034,,,,success,1,sm75_xmma_fprop_implicit_gemm_indexed_f16f16_f16f16_f16_nhwckrsc_nhwc_tilesize64x32x64_stage1_warpsize2x1x2_g1_tensor16x8x8,0x75585ae3e9dedb93,CaskConvolution,50,20
200,,1,20,64,3,model.8.m.0.cv1.conv,Conv2d,0.02450176006183028,0.023856000043451786,128,128,64,20,20,0.029299199488013978,fp16,0.6443143100004818,,,,success,1,sm75_xmma_fprop_implicit_gemm_f16f16_f16f16_f16_nhwckrsc_nhwc_tilesize64x32x64_stage1_warpsize2x1x2_g1_tensor16x8x8_t1r3s3,0x5252dc6c9c5f3aff,CaskConvolution,50,20
200,,1,20,64,3,model.8.m.0.cv2.conv,Conv2d,0.02450176006183028,0.023856000043451786,128,128,64,20,20,0.029299199488013978,fp16,0.6443143100004818,,,,success,1,sm75_xmma_fprop_implicit_gemm_f16f16_f16f16_f16_nhwckrsc_nhwc_tilesize64x32x64_stage1_warpsize2x1x2_g1_tensor16x8x8_t1r3s3,0x5252dc6c9c5f3aff,CaskConvolution,50,20
200,,1,20,64,3,model.8.m.0.cv1.conv,Conv2d,0.025690080085769295,0.023903999477624893,128,128,96,20,20,0.03447520155459642,fp16,0.6560940980016312,,,,success,1,sm75_xmma_fprop_implicit_gemm_indexed_f16f16_f16f16_f16_nhwckrsc_nhwc_tilesize64x32x64_stage1_warpsize2x1x2_g1_tensor16x8x8,0x75585ae3e9dedb93,CaskConvolution,50,20
200,,1,20,64,3,model.8.m.0.cv2.conv,Conv2d,0.025690080085769295,0.023903999477624893,128,128,96,20,20,0.03447520155459642,fp16,0.6560940980016312,,,,success,1,sm75_xmma_fprop_implicit_gemm_indexed_f16f16_f16f16_f16_nhwckrsc_nhwc_tilesize64x32x64_stage1_warpsize2x1x2_g1_tensor16x8x8,0x75585ae3e9dedb93,CaskConvolution,50,20
200,,1,20,64,3,model.8.m.0.cv1.conv,Conv2d,0.028318080082535745,0.025887999683618546,128,128,128,20,20,0.04535039868205785,fp16,0.6630241550010396,,,,success,1,sm75_xmma_fprop_implicit_gemm_indexed_f16f16_f16f16_f16_nhwckrsc_nhwc_tilesize64x32x64_stage1_warpsize2x1x2_g1_tensor16x8x8,0x75585ae3e9dedb93,CaskConvolution,50,20
200,,1,20,64,3,model.8.m.0.cv2.conv,Conv2d,0.028318080082535745,0.025887999683618546,128,128,128,20,20,0.04535039868205785,fp16,0.6630241550010396,,,,success,1,sm75_xmma_fprop_implicit_gemm_indexed_f16f16_f16f16_f16_nhwckrsc_nhwc_tilesize64x32x64_stage1_warpsize2x1x2_g1_tensor16x8x8,0x75585ae3e9dedb93,CaskConvolution,50,20
200,,1,20,96,3,model.8.m.0.cv1.conv,Conv2d,0.027553600016981362,0.02627200074493885,128,128,32,20,20,0.03481600061058998,fp16,0.6725899730008678,,,,success,1,sm50_xmma_conv_fprop_fused_conv_act_fp16_NCxHW2_fp16_NCxHW2_KCRS_fp16_fp16_fp16_Acchalf2_2_2_cC2_dC2_srcVec1_fltVec2_2_TP3_TQ7_C8_R3_S3_U1_V1,0x3eaf96c525ec09df,CaskConvolution,50,20
200,,1,20,96,3,model.8.m.0.cv2.conv,Conv2d,0.027553600016981362,0.02627200074493885,128,128,32,20,20,0.03481600061058998,fp16,0.6725899730008678,,,,success,1,sm50_xmma_conv_fprop_fused_conv_act_fp16_NCxHW2_fp16_NCxHW2_KCRS_fp16_fp16_fp16_Acchalf2_2_2_cC2_dC2_srcVec1_fltVec2_2_TP3_TQ7_C8_R3_S3_U1_V1,0x3eaf96c525ec09df,CaskConvolution,50,20
200,,1,20,96,3,model.8.m.0.cv1.conv,Conv2d,0.03086815997958183,0.027936000376939774,128,128,64,20,20,0.045465600304305416,fp16,0.6438063290006539,,,,success,1,sm75_xmma_fprop_implicit_gemm_f16f16_f16f16_f16_nhwckrsc_nhwc_tilesize64x32x64_stage1_warpsize2x1x2_g1_tensor16x8x8_t1r3s3,0x5252dc6c9c5f3aff,CaskConvolution,50,20
200,,1,20,96,3,model.8.m.0.cv2.conv,Conv2d,0.03086815997958183,0.027936000376939774,128,128,64,20,20,0.045465600304305416,fp16,0.6438063290006539,,,,success,1,sm75_xmma_fprop_implicit_gemm_f16f16_f16f16_f16_nhwckrsc_nhwc_tilesize64x32x64_stage1_warpsize2x1x2_g1_tensor16x8x8_t1r3s3,0x5252dc6c9c5f3aff,CaskConvolution,50,20
200,,1,20,96,3,model.8.m.0.cv1.conv,Conv2d,0.03022383994422853,0.027168000116944313,128,128,96,20,20,0.047686401195824124,fp16,0.6419783279998228,,,,success,1,sm75_xmma_fprop_implicit_gemm_f16f16_f16f16_f16_nhwckrsc_nhwc_tilesize64x32x64_stage1_warpsize2x1x2_g1_tensor16x8x8_t1r3s3,0x5252dc6c9c5f3aff,CaskConvolution,50,20
200,,1,20,96,3,model.8.m.0.cv2.conv,Conv2d,0.03022383994422853,0.027168000116944313,128,128,96,20,20,0.047686401195824124,fp16,0.6419783279998228,,,,success,1,sm75_xmma_fprop_implicit_gemm_f16f16_f16f16_f16_nhwckrsc_nhwc_tilesize64x32x64_stage1_warpsize2x1x2_g1_tensor16x8x8_t1r3s3,0x5252dc6c9c5f3aff,CaskConvolution,50,20
200,,1,20,96,3,model.8.m.0.cv1.conv,Conv2d,0.030657119955867528,0.029904000461101532,128,128,128,20,20,0.03893439844250678,fp16,0.6202736429986544,,,,success,1,sm75_xmma_fprop_implicit_gemm_f16f16_f16f16_f16_nhwckrsc_nhwc_tilesize64x32x64_stage1_warpsize2x1x2_g1_tensor16x8x8_t1r3s3,0x5252dc6c9c5f3aff,CaskConvolution,50,20
200,,1,20,96,3,model.8.m.0.cv2.conv,Conv2d,0.030657119955867528,0.029904000461101532,128,128,128,20,20,0.03893439844250678,fp16,0.6202736429986544,,,,success,1,sm75_xmma_fprop_implicit_gemm_f16f16_f16f16_f16_nhwckrsc_nhwc_tilesize64x32x64_stage1_warpsize2x1x2_g1_tensor16x8x8_t1r3s3,0x5252dc6c9c5f3aff,CaskConvolution,50,20
200,,1,20,128,3,model.8.m.0.cv1.conv,Conv2d,0.03204943997785449,0.028672000393271446,128,128,8,20,20,0.06144479848444462,fp16,0.6437606639992737,,,,success,1,sm50_xmma_conv_fprop_fused_conv_act_fp16_NCxHW2_fp16_NCxHW2_KCRS_fp16_fp16_fp16_Acchalf2_2_2_cC2_dC2_srcVec1_fltVec2_2_TP3_TQ7_C8_R3_S3_U1_V1,0x3eaf96c525ec09df,CaskConvolution,50,20
200,,1,20,128,3,model.8.m.0.cv2.conv,Conv2d,0.03204943997785449,0.028672000393271446,128,128,8,20,20,0.06144479848444462,fp16,0.6437606639992737,,,,success,1,sm50_xmma_conv_fprop_fused_conv_act_fp16_NCxHW2_fp16_NCxHW2_KCRS_fp16_fp16_fp16_Acchalf2_2_2_cC2_dC2_srcVec1_fltVec2_2_TP3_TQ7_C8_R3_S3_U1_V1,0x3eaf96c525ec09df,CaskConvolution,50,20
200,,1,20,128,3,model.8.m.0.cv1.conv,Conv2d,0.028152960017323495,0.02611199952661991,128,128,16,20,20,0.038579198718070945,fp16,0.6439651569999114,,,,success,1,sm75_xmma_fprop_implicit_gemm_indexed_f16f16_f16f16_f16_nhwckrsc_nhwc_tilesize64x32x64_stage1_warpsize2x1x2_g1_tensor16x8x8,0x75585ae3e9dedb93,CaskConvolution,50,20
200,,1,20,128,3,model.8.m.0.cv2.conv,Conv2d,0.028152960017323495,0.02611199952661991,128,128,16,20,20,0.038579198718070945,fp16,0.6439651569999114,,,,success,1,sm75_xmma_fprop_implicit_gemm_indexed_f16f16_f16f16_f16_nhwckrsc_nhwc_tilesize64x32x64_stage1_warpsize2x1x2_g1_tensor16x8x8,0x75585ae3e9dedb93,CaskConvolution,50,20
200,,1,20,128,3,model.8.m.0.cv1.conv,Conv2d,0.030725919995456933,0.02622400037944317,128,128,24,20,20,0.05532640013843774,fp16,0.6382859940022172,,,,success,1,sm75_xmma_fprop_implicit_gemm_f16f16_f16f16_f16_nhwckrsc_nhwc_tilesize64x32x64_stage1_warpsize2x1x2_g1_tensor16x8x8_t1r3s3,0x5252dc6c9c5f3aff,CaskConvolution,50,20
200,,1,20,128,3,model.8.m.0.cv2.conv,Conv2d,0.030725919995456933,0.02622400037944317,128,128,24,20,20,0.05532640013843774,fp16,0.6382859940022172,,,,success,1,sm75_xmma_fprop_implicit_gemm_f16f16_f16f16_f16_nhwckrsc_nhwc_tilesize64x32x64_stage1_warpsize2x1x2_g1_tensor16x8x8_t1r3s3,0x5252dc6c9c5f3aff,CaskConvolution,50,20
200,,1,20,128,3,model.8.m.0.cv1.conv,Conv2d,0.027067199908196928,0.026095999404788017,128,128,32,20,20,0.030563199892640114,fp16,0.625780415997724,,,,success,1,sm75_xmma_fprop_implicit_gemm_f16f16_f16f16_f16_nhwckrsc_nhwc_tilesize64x32x64_stage1_warpsize2x1x2_g1_tensor16x8x8_t1r3s3,0x5252dc6c9c5f3aff,CaskConvolution,50,20
200,,1,20,128,3,model.8.m.0.cv2.conv,Conv2d,0.027067199908196928,0.026095999404788017,128,128,32,20,20,0.030563199892640114,fp16,0.625780415997724,,,,success,1,sm75_xmma_fprop_implicit_gemm_f16f16_f16f16_f16_nhwckrsc_nhwc_tilesize64x32x64_stage1_warpsize2x1x2_g1_tensor16x8x8_t1r3s3,0x5252dc6c9c5f3aff,CaskConvolution,50,20
200,,1,20,128,3,model.8.m.0.cv1.conv,Conv2d,0.02857920005917549,0.026623999699950218,128,128,40,20,20,0.046891199424862855,fp16,0.6306685370000196,,,,success,1,sm75_xmma_fprop_implicit_gemm_f16f16_f16f16_f16_nhwckrsc_nhwc_tilesize64x32x64_stage1_warpsize2x1x2_g1_tensor16x8x8,0x55fb34a08663e5ae,CaskConvolution,50,20
200,,1,20,128,3,model.8.m.0.cv2.conv,Conv2d,0.02857920005917549,0.026623999699950218,128,128,40,20,20,0.046891199424862855,fp16,0.6306685370000196,,,,success,1,sm75_xmma_fprop_implicit_gemm_f16f16_f16f16_f16_nhwckrsc_nhwc_tilesize64x32x64_stage1_warpsize2x1x2_g1_tensor16x8x8,0x55fb34a08663e5ae,CaskConvolution,50,20
200,,1,20,128,3,model.8.m.0.cv1.conv,Conv2d,0.03408895994536579,0.026815999299287796,128,128,48,20,20,0.06282720081508156,fp16,0.6267272810000577,,,,success,1,sm75_xmma_fprop_implicit_gemm_f16f16_f16f16_f16_nhwckrsc_nhwc_tilesize64x32x64_stage1_warpsize2x1x2_g1_tensor16x8x8_t1r3s3,0x5252dc6c9c5f3aff,CaskConvolution,50,20
200,,1,20,128,3,model.8.m.0.cv2.conv,Conv2d,0.03408895994536579,0.026815999299287796,128,128,48,20,20,0.06282720081508156,fp16,0.6267272810000577,,,,success,1,sm75_xmma_fprop_implicit_gemm_f16f16_f16f16_f16_nhwckrsc_nhwc_tilesize64x32x64_stage1_warpsize2x1x2_g1_tensor16x8x8_t1r3s3,0x5252dc6c9c5f3aff,CaskConvolution,50,20
200,,1,20,128,3,model.8.m.0.cv1.conv,Conv2d,0.029810399860143662,0.026623999699950218,128,128,56,20,20,0.043275200761854614,fp16,0.634884035000141,,,,success,1,sm75_xmma_fprop_implicit_gemm_f16f16_f16f16_f16_nhwckrsc_nhwc_tilesize64x32x64_stage1_warpsize2x1x2_g1_tensor16x8x8_t1r3s3,0x5252dc6c9c5f3aff,CaskConvolution,50,20
200,,1,20,128,3,model.8.m.0.cv2.conv,Conv2d,0.029810399860143662,0.026623999699950218,128,128,56,20,20,0.043275200761854614,fp16,0.634884035000141,,,,success,1,sm75_xmma_fprop_implicit_gemm_f16f16_f16f16_f16_nhwckrsc_nhwc_tilesize64x32x64_stage1_warpsize2x1x2_g1_tensor16x8x8_t1r3s3,0x5252dc6c9c5f3aff,CaskConvolution,50,20
200,,1,20,128,3,model.8.m.0.cv1.conv,Conv2d,0.030496640000492334,0.02755199931561947,128,128,64,20,20,0.047104000486433484,fp16,0.6374423119996209,,,,success,1,sm75_xmma_fprop_implicit_gemm_f16f16_f16f16_f16_nhwckrsc_nhwc_tilesize64x32x64_stage1_warpsize2x1x2_g1_tensor16x8x8_t1r3s3,0x5252dc6c9c5f3aff,CaskConvolution,50,20
200,,1,20,128,3,model.8.m.0.cv2.conv,Conv2d,0.030496640000492334,0.02755199931561947,128,128,64,20,20,0.047104000486433484,fp16,0.6374423119996209,,,,success,1,sm75_xmma_fprop_implicit_gemm_f16f16_f16f16_f16_nhwckrsc_nhwc_tilesize64x32x64_stage1_warpsize2x1x2_g1_tensor16x8x8_t1r3s3,0x5252dc6c9c5f3aff,CaskConvolution,50,20
200,,1,20,128,3,model.8.m.0.cv1.conv,Conv2d,0.029999840026721358,0.027295999228954315,128,128,72,20,20,0.04833119902759789,fp16,0.6420944060009788,,,,success,1,sm75_xmma_fprop_implicit_gemm_indexed_f16f16_f16f16_f16_nhwckrsc_nhwc_tilesize64x32x64_stage1_warpsize2x1x2_g1_tensor16x8x8,0x75585ae3e9dedb93,CaskConvolution,50,20
200,,1,20,128,3,model.8.m.0.cv2.conv,Conv2d,0.029999840026721358,0.027295999228954315,128,128,72,20,20,0.04833119902759789,fp16,0.6420944060009788,,,,success,1,sm75_xmma_fprop_implicit_gemm_indexed_f16f16_f16f16_f16_nhwckrsc_nhwc_tilesize64x32x64_stage1_warpsize2x1x2_g1_tensor16x8x8,0x75585ae3e9dedb93,CaskConvolution,50,20
200,,1,20,128,3,model.8.m.0.cv1.conv,Conv2d,0.03120175995863974,0.026944000273942947,128,128,80,20,20,0.04110079910606141,fp16,0.6297882559993013,,,,success,1,sm75_xmma_fprop_implicit_gemm_f16f16_f16f16_f16_nhwckrsc_nhwc_tilesize64x32x64_stage1_warpsize2x1x2_g1_tensor16x8x8_t1r3s3,0x5252dc6c9c5f3aff,CaskConvolution,50,20
200,,1,20,128,3,model.8.m.0.cv2.conv,Conv2d,0.03120175995863974,0.026944000273942947,128,128,80,20,20,0.04110079910606141,fp16,0.6297882559993013,,,,success,1,sm75_xmma_fprop_implicit_gemm_f16f16_f16f16_f16_nhwckrsc_nhwc_tilesize64x32x64_stage1_warpsize2x1x2_g1_tensor16x8x8_t1r3s3,0x5252dc6c9c5f3aff,CaskConvolution,50,20
200,,1,20,128,3,model.8.m.0.cv1.conv,Conv2d,0.03213216002099216,0.028047999367117882,128,128,88,20,20,0.06620799675583836,fp16,0.6194888549980533,,,,success,1,sm75_xmma_fprop_implicit_gemm_f16f16_f16f16_f16_nhwckrsc_nhwc_tilesize64x32x64_stage1_warpsize2x1x2_g1_tensor16x8x8_t1r3s3,0x5252dc6c9c5f3aff,CaskConvolution,50,20
200,,1,20,128,3,model.8.m.0.cv2.conv,Conv2d,0.03213216002099216,0.028047999367117882,128,128,88,20,20,0.06620799675583836,fp16,0.6194888549980533,,,,success,1,sm75_xmma_fprop_implicit_gemm_f16f16_f16f16_f16_nhwckrsc_nhwc_tilesize64x32x64_stage1_warpsize2x1x2_g1_tensor16x8x8_t1r3s3,0x5252dc6c9c5f3aff,CaskConvolution,50,20
200,,1,20,128,3,model.8.m.0.cv1.conv,Conv2d,0.03163183996453881,0.02836799994111061,128,128,96,20,20,0.05120319873094559,fp16,0.6308169250005449,,,,success,1,sm75_xmma_fprop_implicit_gemm_f16f16_f16f16_f16_nhwckrsc_nhwc_tilesize64x32x64_stage1_warpsize2x1x2_g1_tensor16x8x8,0x55fb34a08663e5ae,CaskConvolution,50,20
200,,1,20,128,3,model.8.m.0.cv2.conv,Conv2d,0.03163183996453881,0.02836799994111061,128,128,96,20,20,0.05120319873094559,fp16,0.6308169250005449,,,,success,1,sm75_xmma_fprop_implicit_gemm_f16f16_f16f16_f16_nhwckrsc_nhwc_tilesize64x32x64_stage1_warpsize2x1x2_g1_tensor16x8x8,0x55fb34a08663e5ae,CaskConvolution,50,20
200,,1,20,128,3,model.8.m.0.cv1.conv,Conv2d,0.029062080020084976,0.027936000376939774,128,128,104,20,20,0.03891199827194214,fp16,0.6339908109985117,,,,success,1,sm75_xmma_fprop_implicit_gemm_f16f16_f16f16_f16_nhwckrsc_nhwc_tilesize64x32x64_stage1_warpsize2x1x2_g1_tensor16x8x8_t1r3s3,0x5252dc6c9c5f3aff,CaskConvolution,50,20
200,,1,20,128,3,model.8.m.0.cv2.conv,Conv2d,0.029062080020084976,0.027936000376939774,128,128,104,20,20,0.03891199827194214,fp16,0.6339908109985117,,,,success,1,sm75_xmma_fprop_implicit_gemm_f16f16_f16f16_f16_nhwckrsc_nhwc_tilesize64x32x64_stage1_warpsize2x1x2_g1_tensor16x8x8_t1r3s3,0x5252dc6c9c5f3aff,CaskConvolution,50,20
200,,1,20,128,3,model.8.m.0.cv1.conv,Conv2d,0.03071904002688825,0.02967999968677759,128,128,112,20,20,0.038606399670243256,fp16,0.625364311003068,,,,success,1,sm75_xmma_fprop_implicit_gemm_indexed_f16f16_f16f16_f16_nhwckrsc_nhwc_tilesize64x32x64_stage1_warpsize2x1x2_g1_tensor16x8x8,0x75585ae3e9dedb93,CaskConvolution,50,20
200,,1,20,128,3,model.8.m.0.cv2.conv,Conv2d,0.03071904002688825,0.02967999968677759,128,128,112,20,20,0.038606399670243256,fp16,0.625364311003068,,,,success,1,sm75_xmma_fprop_implicit_gemm_indexed_f16f16_f16f16_f16_nhwckrsc_nhwc_tilesize64x32x64_stage1_warpsize2x1x2_g1_tensor16x8x8,0x75585ae3e9dedb93,CaskConvolution,50,20
200,,1,20,128,3,model.8.m.0.cv1.conv,Conv2d,0.029745600083842874,0.02864000014960766,128,128,120,20,20,0.03701600115746254,fp16,0.6291261810001743,,,,success,1,sm75_xmma_fprop_implicit_gemm_f16f16_f16f16_f16_nhwckrsc_nhwc_tilesize64x32x64_stage1_warpsize2x1x2_g1_tensor16x8x8_t1r3s3,0x5252dc6c9c5f3aff,CaskConvolution,50,20
200,,1,20,128,3,model.8.m.0.cv2.conv,Conv2d,0.029745600083842874,0.02864000014960766,128,128,120,20,20,0.03701600115746254,fp16,0.6291261810001743,,,,success,1,sm75_xmma_fprop_implicit_gemm_f16f16_f16f16_f16_nhwckrsc_nhwc_tilesize64x32x64_stage1_warpsize2x1x2_g1_tensor16x8x8_t1r3s3,0x5252dc6c9c5f3aff,CaskConvolution,50,20
200,,1,20,128,3,model.8.m.0.cv1.conv,Conv2d,0.031602239916101095,0.030592000111937523,128,128,128,20,20,0.03901439830660817,fp16,0.6480782469989208,0.03110400028526783,0.016736407278271283,,success,1,sm75_xmma_fprop_implicit_gemm_f16f16_f16f16_f16_nhwckrsc_nhwc_tilesize64x32x64_stage1_warpsize2x1x2_g1_tensor16x8x8,0x55fb34a08663e5ae,CaskConvolution,50,20
200,,1,20,128,3,model.8.m.0.cv2.conv,Conv2d,0.031602239916101095,0.030592000111937523,128,128,128,20,20,0.03901439830660817,fp16,0.6480782469989208,0.03110400028526783,0.016736407278271283,,success,1,sm75_xmma_fprop_implicit_gemm_f16f16_f16f16_f16_nhwckrsc_nhwc_tilesize64x32x64_stage1_warpsize2x1x2_g1_tensor16x8x8,0x55fb34a08663e5ae,CaskConvolution,50,20
200,,1,20,96,1,model.8.cv2.conv,Conv2d,0.0248441600240767,0.023376000113785267,384,256,64,20,20,0.03705759868025778,fp16,1.0934052310003608,,,,success,1,sm75_xmma_fprop_implicit_gemm_f16f16_f16f16_f16_nhwckrsc_nhwc_tilesize64x32x64_stage1_warpsize2x1x2_g1_tensor16x8x8_simple_t1r1s1,0x017a89ce2d82b850,CaskConvolution,50,20
200,,1,20,96,1,model.8.cv2.conv,Conv2d,0.024456320088356732,0.022544000297784805,384,256,128,20,20,0.033452800288796374,fp16,1.040635392000695,,,,success,1,volta_h884gemm_64x64_ldg8_relu_tn_v1,0x00000000000200e8,CaskGemmConvolution,50,20
200,,1,20,96,1,model.8.cv2.conv,Conv2d,0.025160640012472868,0.022463999688625336,384,256,192,20,20,0.04378560073673721,fp16,1.019513248000294,,,,success,1,volta_h884gemm_64x64_ldg8_tn_v1,0x000000000002048e,CaskGemmConvolution,50,20
200,,1,20,96,1,model.8.cv2.conv,Conv2d,0.024504640027880668,0.02252800017595291,384,256,256,20,20,0.03891199827194214,fp16,1.007233794000058,,,,success,1,volta_h884gemm_128x64_ldg8_tn_v1,0x00000000000206d7,CaskGemmConvolution,50,20
200,,1,20,192,1,model.8.cv2.conv,Conv2d,0.024100800091400743,0.02252800017595291,384,256,64,20,20,0.034755200147628784,fp16,0.10094767700138618,,,,success,1,sm75_xmma_gemm_f16f16_f16f16_f16_tn_n_tilesize32x32x64_stage1_warpsize2x2x1_tensor16x8x8,0x00000000000201d7,CaskGemmConvolution,50,20
200,,1,20,192,1,model.8.cv2.conv,Conv2d,0.02854112016968429,0.024752000346779823,384,256,128,20,20,0.05115999821573495,fp16,0.09942651099845534,,,,success,1,sm75_xmma_fprop_implicit_gemm_f16f16_f16f16_f16_nhwckrsc_nhwc_tilesize64x32x64_stage1_warpsize2x1x2_g1_tensor16x8x8_simple_t1r1s1,0x017a89ce2d82b850,CaskConvolution,50,20
200,,1,20,192,1,model.8.cv2.conv,Conv2d,0.027815040089190005,0.023631999269127846,384,256,192,20,20,0.05108640063554045,fp16,0.10631260399895837,,,,success,1,sm75_xmma_gemm_f16f16_f16f16_f16_tn_n_tilesize32x32x64_stage1_warpsize2x2x1_tensor16x8x8,0x00000000000201d7,CaskGemmConvolution,50,20
200,,1,20,192,1,model.8.cv2.conv,Conv2d,0.024200640069320798,0.023024000227451324,384,256,256,20,20,0.033246399462223034,fp16,0.10087209199991776,,,,success,1,sm75_xmma_fprop_implicit_gemm_f16f16_f16f16_f16_nhwckrsc_nhwc_tilesize64x64x64_stage1_warpsize2x2x1_g1_tensor16x8x8_t1r1s1,0xe67db95e0c20b618,CaskConvolution,50,20
200,,1,20,288,1,model.8.cv2.conv,Conv2d,0.02701327992603183,0.024431999772787094,384,256,64,20,20,0.04655680041760205,fp16,1.2273659970014705,,,,success,1,sm75_xmma_fprop_implicit_gemm_f16f16_f16f16_f16_nhwckrsc_nhwc_tilesize64x32x64_stage1_warpsize2x1x2_g1_tensor16x8x8_t1r1s1,0xd8c128ae16cb4132,CaskConvolution,50,20
200,,1,20,288,1,model.8.cv2.conv,Conv2d,0.026766720041632653,0.023024000227451324,384,256,128,20,20,0.04546079896390434,fp16,1.1840692709993164,,,,success,1,sm75_xmma_gemm_f16f16_f16f16_f16_nn_n_tilesize32x32x64_stage1_warpsize2x2x1_tensor16x8x8,0x00000000000205c4,CaskGemmConvolution,50,20
200,,1,20,288,1,model.8.cv2.conv,Conv2d,0.037581439968198536,0.026304000057280064,384,256,192,20,20,0.08071039989590628,fp16,1.203106042001309,,,,success,1,sm75_xmma_fprop_implicit_gemm_f16f16_f16f16_f16_nhwckrsc_nhwc_tilesize64x64x64_stage1_warpsize2x2x1_g1_tensor16x8x8_simple_t1r1s1,0x62a22cfa1199e58e,CaskConvolution,50,20
200,,1,20,288,1,model.8.cv2.conv,Conv2d,0.026704480154439807,0.02295999974012375,384,256,256,20,20,0.051279998756945104,fp16,1.184267741999065,,,,success,1,sm75_xmma_gemm_f16f16_f16f16_f16_nn_n_tilesize64x64x64_stage1_warpsize2x2x1_tensor16x8x8,0x00000000000204c8,CaskGemmConvolution,50,20
200,,1,20,384,1,model.8.cv2.conv,Conv2d,0.025815200097858905,0.024800000712275505,384,256,8,20,20,0.03276799991726875,fp16,1.413554576000024,,,,success,1,sm50_xmma_conv_fprop_fused_conv_act_fp16_NCxHW2_fp16_NCxHW2_KCRS_fp16_fp16_fp16_Acchalf2_2_2_cC2_dC2_srcVec4_fltVec1_1_TP4_TQ8_C8_R1_S1_U1_V1,0x3fba2003f63a6604,CaskConvolution,50,20
200,,1,20,384,1,model.8.cv2.conv,Conv2d,0.02814304011873901,0.0244159996509552,384,256,16,20,20,0.050799998827278425,fp16,1.3366305920026207,,,,success,1,sm50_xmma_conv_fprop_fused_conv_act_fp16_NCxHW2_fp16_NCxHW2_KCRS_fp16_fp16_fp16_Acchalf2_2_2_cC2_dC2_srcVec2_fltVec2_2_TP4_TQ4_C8_R1_S1_U1_V1,0xfa1fb6fa725533c8,CaskConvolution,50,20
200,,1,20,384,1,model.8.cv2.conv,Conv2d,0.028483200026676057,0.024240000173449516,384,256,24,20,20,0.05465759877115487,fp16,1.3325767930000438,,,,success,1,sm50_xmma_conv_fprop_fused_conv_act_fp16_NCxHW2_fp16_NCxHW2_KCRS_fp16_fp16_fp16_Acchalf2_2_2_cC2_dC2_srcVec4_fltVec1_1_TP7_TQ4_C8_R1_S1_U1_V1,0xeb6e230f92517fed,CaskConvolution,50,20
200,,1,20,384,1,model.8.cv2.conv,Conv2d,0.02369872009381652,0.02252800017595291,384,256,32,20,20,0.030721599236130714,fp16,1.3530171279999195,,,,success,1,sm75_xmma_gemm_f16f16_f16f16_f16_tn_n_tilesize32x32x64_stage1_warpsize2x2x1_tensor16x8x8,0x00000000000201d7,CaskGemmConvolution,50,20
200,,1,20,384,1,model.8.cv2.conv,Conv2d,0.024597600027918817,0.02252800017595291,384,256,40,20,20,0.03739360142499208,fp16,1.4036412450004718,,,,success,1,sm75_xmma_gemm_f16f16_f16f16_f16_tn_n_tilesize32x32x64_stage1_warpsize2x2x1_tensor16x8x8,0x00000000000201d7,CaskGemmConvolution,50,20
200,,1,20,384,1,model.8.cv2.conv,Conv2d,0.028156480034813285,0.023871999233961105,384,256,48,20,20,0.047153601236641404,fp16,1.3383982820014353,,,,success,1,sm50_xmma_conv_fprop_fused_conv_act_fp16_NCxHW2_fp16_NCxHW2_KCRS_fp16_fp16_fp16_Acchalf2_2_2_cC2_dC2_srcVec2_fltVec2_2_TP2_TQ8_C8_R1_S1_U1_V1,0x41d8d29c4984b1e2,CaskConvolution,50,20
200,,1,20,384,1,model.8.cv2.conv,Conv2d,0.026453280104324222,0.02409599907696247,384,256,56,20,20,0.03906079828739161,fp16,1.3744002780003939,,,,success,1,sm50_xmma_conv_fprop_fused_conv_act_fp16_NCxHW2_fp16_NCxHW2_KCRS_fp16_fp16_fp16_Acchalf2_2_2_cC2_dC2_srcVec2_fltVec2_2_TP4_TQ4_C8_R1_S1_U1_V1,0xfa1fb6fa725533c8,CaskConvolution,50,20
200,,1,20,384,1,model.8.cv2.conv,Conv2d,0.02990288008004427,0.026079999282956123,384,256,64,20,20,0.05588800031691787,fp16,1.3229183120020025,,,,success,1,sm75_xmma_gemm_f16f16_f16f16_f16_tn_n_tilesize32x32x64_stage1_warpsize2x2x1_tensor16x8x8,0x00000000020401d7,CaskGemmConvolution,50,20
200,,1,20,384,1,model.8.cv2.conv,Conv2d,0.023798560053110124,0.022255999967455864,384,256,72,20,20,0.03392960112541914,fp16,1.3579640299976745,,,,success,1,sm75_xmma_gemm_f16f16_f16f16_f16_tn_n_tilesize32x32x64_stage1_warpsize2x2x1_tensor16x8x8,0x00000000000201d7,CaskGemmConvolution,50,20
200,,1,20,384,1,model.8.cv2.conv,Conv2d,0.027375680105760695,0.02396799996495247,384,256,80,20,20,0.04922400135546919,fp16,1.3341800079979294,,,,success,1,sm75_xmma_fprop_implicit_gemm_f16f16_f16f16_f16_nhwckrsc_nhwc_tilesize64x32x64_stage1_warpsize2x1x2_g1_tensor16x8x8_t1r1s1,0xd8c128ae16cb4132,CaskConvolution,50,20
200,,1,20,384,1,model.8.cv2.conv,Conv2d,0.02388640000484884,0.02252800017595291,384,256,88,20,20,0.034451201371848574,fp16,1.370365380000294,,,,success,1,sm75_xmma_gemm_f16f16_f16f16_f16_nn_n_tilesize32x32x64_stage1_warpsize2x2x1_tensor16x8x8,0x00000000000205c4,CaskGemmConvolution,50,20
200,,1,20,384,1,model.8.cv2.conv,Conv2d,0.024494240023195744,0.022415999323129654,384,256,96,20,20,0.03529759962111707,fp16,1.371643452999706,,,,success,1,sm75_xmma_gemm_f16f16_f16f16_f16_nn_n_tilesize32x32x64_stage1_warpsize2x2x1_tensor16x8x8,0x00000000000205c4,CaskGemmConvolution,50,20
200,,1,20,384,1,model.8.cv2.conv,Conv2d,0.02499280009418726,0.023839999921619892,384,256,104,20,20,0.03074879925698041,fp16,1.3715622210002039,,,,success,1,sm75_xmma_fprop_implicit_gemm_f16f16_f16f16_f16_nhwckrsc_nhwc_tilesize64x32x64_stage1_warpsize2x1x2_g1_tensor16x8x8_t1r1s1,0xd8c128ae16cb4132,CaskConvolution,50,20
200,,1,20,384,1,model.8.cv2.conv,Conv2d,0.025119200134649872,0.023215999826788902,384,256,112,20,20,0.03490400109440087,fp16,1.3917673020005168,,,,success,1,sm75_xmma_gemm_f16f16_f16f16_f16_tn_n_tilesize64x32x64_stage1_warpsize2x2x1_tensor16x8x8,0x00000000000203a2,CaskGemmConvolution,50,20
200,,1,20,384,1,model.8.cv2.conv,Conv2d,0.02494480007328093,0.0226879995316267,384,256,120,20,20,0.035537600889801915,fp16,1.3434261299989885,,,,success,1,sm75_xmma_gemm_f16f16_f16f16_f16_tn_n_tilesize32x32x64_stage1_warpsize2x2x1_tensor16x8x8,0x00000000000201d7,CaskGemmConvolution,50,20
200,,1,20,384,1,model.8.cv2.conv,Conv2d,0.028348960187286137,0.025071999989449978,384,256,128,20,20,0.05131039954721927,fp16,1.3976308570017864,,,,success,1,sm75_xmma_fprop_implicit_gemm_f16f16_f16f16_f16_nhwckrsc_nhwc_tilesize64x32x64_stage1_warpsize2x1x2_g1_tensor16x8x8_t1r1s1,0xd8c128ae16cb4132,CaskConvolution,50,20
200,,1,20,384,1,model.8.cv2.conv,Conv2d,0.023702879995107652,0.02252800017595291,384,256,136,20,20,0.034755200147628784,fp16,1.3740612529982172,,,,success,1,sm75_xmma_gemm_f16f16_f16f16_f16_nn_n_tilesize64x32x64_stage1_warpsize2x2x1_tensor16x8x8,0x000000000002037c,CaskGemmConvolution,50,20
200,,1,20,384,1,model.8.cv2.conv,Conv2d,0.026463840063661336,0.022655999287962914,384,256,144,20,20,0.052331199869513505,fp16,1.3485657370001718,,,,success,1,sm75_xmma_gemm_f16f16_f16f16_f16_tn_n_tilesize64x32x64_stage1_warpsize2x2x1_tensor16x8x8,0x00000000000203a2,CaskGemmConvolution,50,20
200,,1,20,384,1,model.8.cv2.conv,Conv2d,0.028291040007025002,0.023120000027120113,384,256,152,20,20,0.05119999870657921,fp16,1.3795117100016796,,,,success,1,sm75_xmma_gemm_f16f16_f16f16_f16_tn_n_tilesize64x64x64_stage1_warpsize2x2x1_tensor16x8x8,0x00000000000204d9,CaskGemmConvolution,50,20
200,,1,20,384,1,model.8.cv2.conv,Conv2d,0.025156160183250904,0.024304000660777092,384,256,160,20,20,0.02856479948386549,fp16,1.3456166260002647,,,,success,1,sm75_xmma_gemm_f16f16_f16f16_f16_nn_n_tilesize64x32x64_stage1_warpsize2x2x1_tensor16x8x8,0x000000000002037c,CaskGemmConvolution,50,20
200,,1,20,384,1,model.8.cv2.conv,Conv2d,0.02632640002295375,0.022943999618291855,384,256,168,20,20,0.04535040035843839,fp16,1.3426013440002862,,,,success,1,sm75_xmma_gemm_f16f16_f16f16_f16_nn_n_tilesize32x32x64_stage1_warpsize2x2x1_tensor16x8x8,0x00000000000205c4,CaskGemmConvolution,50,20
200,,1,20,384,1,model.8.cv2.conv,Conv2d,0.02716880009509623,0.02380800060927868,384,256,176,20,20,0.04923199843615292,fp16,1.383352004999324,,,,success,1,sm75_xmma_fprop_implicit_gemm_f16f16_f16f16_f16_nhwckrsc_nhwc_tilesize64x64x64_stage1_warpsize2x2x1_g1_tensor16x8x8_simple_t1r1s1,0x62a22cfa1199e58e,CaskConvolution,50,20
200,,1,20,384,1,model.8.cv2.conv,Conv2d,0.02406656002625823,0.02252800017595291,384,256,184,20,20,0.03412000164389606,fp16,1.3478652960002364,,,,success,1,sm75_xmma_gemm_f16f16_f16f16_f16_tn_n_tilesize32x32x64_stage1_warpsize2x2x1_tensor16x8x8,0x00000000000201d7,CaskGemmConvolution,50,20
200,,1,20,384,1,model.8.cv2.conv,Conv2d,0.027675680024549364,0.024528000503778458,384,256,192,20,20,0.051241598278284034,fp16,1.3790554260012868,,,,success,1,sm75_xmma_fprop_implicit_gemm_f16f16_f16f16_f16_nhwckrsc_nhwc_tilesize64x64x64_stage1_warpsize2x2x1_g1_tensor16x8x8_simple_t1r1s1,0x62a22cfa1199e58e,CaskConvolution,50,20
200,,1,20,384,1,model.8.cv2.conv,Conv2d,0.02569536004215479,0.02292799949645996,384,256,200,20,20,0.045345598831772804,fp16,1.3491893480022554,,,,success,1,sm75_xmma_gemm_f16f16_f16f16_f16_tn_n_tilesize64x64x64_stage1_warpsize2x2x1_tensor16x8x8,0x00000000000204d9,CaskGemmConvolution,50,20
200,,1,20,384,1,model.8.cv2.conv,Conv2d,0.03158319997601211,0.026623999699950218,384,256,208,20,20,0.057574401050805975,fp16,1.385217595998256,,,,success,1,sm75_xmma_fprop_implicit_gemm_f16f16_f16f16_f16_nhwckrsc_nhwc_tilesize64x64x64_stage1_warpsize2x2x1_g1_tensor16x8x8_simple_t1r1s1,0x62a22cfa1199e58e,CaskConvolution,50,20
200,,1,20,384,1,model.8.cv2.conv,Conv2d,0.025534880170598625,0.02436799928545952,384,256,216,20,20,0.03696320131421086,fp16,1.3734115690022008,,,,success,1,sm75_xmma_fprop_implicit_gemm_f16f16_f16f16_f16_nhwckrsc_nhwc_tilesize64x64x64_stage1_warpsize2x2x1_g1_tensor16x8x8_simple_t1r1s1,0x62a22cfa1199e58e,CaskConvolution,50,20
200,,1,20,384,1,model.8.cv2.conv,Conv2d,0.026544640148058532,0.024288000538945198,384,256,224,20,20,0.036459200643002926,fp16,1.361978385000839,,,,success,1,sm75_xmma_fprop_implicit_gemm_f16f16_f16f16_f16_nhwckrsc_nhwc_tilesize64x64x64_stage1_warpsize2x2x1_g1_tensor16x8x8_simple_t1r1s1,0x62a22cfa1199e58e,CaskConvolution,50,20
200,,1,20,384,1,model.8.cv2.conv,Conv2d,0.02895536005496979,0.02465599961578846,384,256,232,20,20,0.053814399056136566,fp16,1.3883463509991998,,,,success,1,sm75_xmma_fprop_implicit_gemm_f16f16_f16f16_f16_nhwckrsc_nhwc_tilesize64x64x64_stage1_warpsize2x2x1_g1_tensor16x8x8_simple_t1r1s1,0x62a22cfa1199e58e,CaskConvolution,50,20
200,,1,20,384,1,model.8.cv2.conv,Conv2d,0.029570560082793237,0.02582399919629097,384,256,240,20,20,0.055398400127887694,fp16,1.4088675099992543,,,,success,1,sm75_xmma_fprop_implicit_gemm_f16f16_f16f16_f16_nhwckrsc_nhwc_tilesize64x32x64_stage1_warpsize2x1x2_g1_tensor16x8x8_t1r1s1,0xd8c128ae16cb4132,CaskConvolution,50,20
200,,1,20,384,1,model.8.cv2.conv,Conv2d,0.02737951999530196,0.026623999699950218,384,256,248,20,20,0.032803199999034395,fp16,1.3969999569999345,,,,success,1,sm75_xmma_fprop_implicit_gemm_f16f16_f16f16_f16_nhwckrsc_nhwc_tilesize64x32x64_stage1_warpsize2x1x2_g1_tensor16x8x8_simple_t1r1s1,0x017a89ce2d82b850,CaskConvolution,50,20
200,,1,20,384,1,model.8.cv2.conv,Conv2d,0.028623360209167004,0.024992000311613083,384,256,256,20,20,0.0527407992631197,fp16,1.3973172570003953,0.02735999971628189,0.09475029510016711,,success,1,sm75_xmma_fprop_implicit_gemm_f16f16_f16f16_f16_nhwckrsc_nhwc_tilesize64x64x64_stage1_warpsize2x2x1_g1_tensor16x8x8_t1r1s1,0xe67db95e0c20b618,CaskConvolution,50,20
200,,1,20,64,1,model.9.cv1.conv,Conv2d,0.025674400106072425,0.022895999252796173,256,128,32,20,20,0.03866560012102127,fp16,1.0502018660008616,,,,success,1,volta_hcudnn_128x128_relu_interior_nn_v1,0x0ccb6665868f9bd5,CaskConvolution,50,20
200,,1,20,64,1,model.9.cv1.conv,Conv2d,0.027298080110922454,0.023760000243782997,256,128,64,20,20,0.046857599169015884,fp16,0.10326291599994875,,,,success,1,volta_hcudnn_128x128_relu_interior_nn_v1,0x0ccb6665868f9bd5,CaskConvolution,50,20
200,,1,20,64,1,model.9.cv1.conv,Conv2d,0.02886320011690259,0.025647999718785286,256,128,96,20,20,0.0518767999485135,fp16,1.0868855449989496,,,,success,1,volta_hcudnn_128x128_relu_small_nn_v1,0x94dc70026a3bd827,CaskConvolution,50,20
200,,1,20,64,1,model.9.cv1.conv,Conv2d,0.02817936019040644,0.025488000363111496,256,128,128,20,20,0.045145600847899904,fp16,0.11049811599878012,,,,success,1,volta_hcudnn_128x128_relu_medium_nn_v1,0xd74356270b3a903a,CaskConvolution,50,20
200,,1,20,128,1,model.9.cv1.conv,Conv2d,0.023250879971310496,0.022223999723792076,256,128,32,20,20,0.030214399937540246,fp16,1.0721057369992195,,,,success,1,sm75_xmma_gemm_f16f16_f16f16_f16_nn_n_tilesize32x32x64_stage1_warpsize2x2x1_tensor16x8x8,0x00000000000205c4,CaskGemmConvolution,50,20
200,,1,20,128,1,model.9.cv1.conv,Conv2d,0.027012320067733527,0.023552000522613525,256,128,64,20,20,0.05064320173114537,fp16,0.10387574299966218,,,,success,1,sm75_xmma_gemm_f16f16_f16f16_f16_nn_n_tilesize32x32x64_stage1_warpsize2x2x1_tensor16x8x8,0x00000000000205c4,CaskGemmConvolution,50,20
200,,1,20,128,1,model.9.cv1.conv,Conv2d,0.031735840076580646,0.028896000236272812,256,128,96,20,20,0.041174399107694555,fp16,0.9992062700002862,,,,success,1,volta_hcudnn_128x128_relu_small_nn_v1,0x94dc70026a3bd827,CaskConvolution,50,20
200,,1,20,128,1,model.9.cv1.conv,Conv2d,0.031408960120752456,0.028672000393271446,256,128,128,20,20,0.04740000162273639,fp16,0.10044997700242675,,,,success,1,volta_hcudnn_128x128_relu_interior_nn_v1,0x0ccb6665868f9bd5,CaskConvolution,50,20
200,,1,20,192,1,model.9.cv1.conv,Conv2d,0.026549600074067713,0.02252800017595291,256,128,32,20,20,0.04923520069569342,fp16,1.040499782000552,,,,success,1,sm75_xmma_gemm_f16f16_f16f16_f16_tn_n_tilesize32x32x64_stage1_warpsize2x2x1_tensor16x8x8,0x00000000000201d7,CaskGemmConvolution,50,20
200,,1,20,192,1,model.9.cv1.conv,Conv2d,0.026930080140009523,0.023792000487446785,256,128,64,20,20,0.04496319964528084,fp16,0.10520178800288704,,,,success,1,sm75_xmma_gemm_f16f16_f16f16_f16_tn_n_tilesize32x32x64_stage1_warpsize2x2x1_tensor16x8x8,0x00000000000201d7,CaskGemmConvolution,50,20
200,,1,20,192,1,model.9.cv1.conv,Conv2d,0.03648704012855888,0.03463999927043915,256,128,96,20,20,0.04730080105364316,fp16,1.097611835000862,,,,success,1,volta_hcudnn_128x128_relu_interior_nn_v1,0x0ccb6665868f9bd5,CaskConvolution,50,20
200,,1,20,192,1,model.9.cv1.conv,Conv2d,0.028489760095253586,0.02457600086927414,256,128,128,20,20,0.05535520017147062,fp16,0.10432239199872129,,,,success,1,sm75_xmma_fprop_implicit_gemm_f16f16_f16f16_f16_nhwckrsc_nhwc_tilesize64x32x64_stage1_warpsize2x1x2_g1_tensor16x8x8_simple_t1r1s1,0x017a89ce2d82b850,CaskConvolution,50,20
200,,1,20,256,1,model.9.cv1.conv,Conv2d,0.0272961600497365,0.023824000731110573,256,128,8,20,20,0.05122879855334757,fp16,0.10438837399851764,,,,success,1,sm50_xmma_conv_fprop_fused_conv_act_fp16_NCxHW2_fp16_NCxHW2_KCRS_fp16_fp16_fp16_Acchalf2_2_2_cC2_dC2_srcVec2_fltVec2_2_TP2_TQ8_C8_R1_S1_U1_V1,0x41d8d29c4984b1e2,CaskConvolution,50,20
200,,1,20,256,1,model.9.cv1.conv,Conv2d,0.02483008007518947,0.023231999948620796,256,128,16,20,20,0.030729599297046658,fp16,0.10168962399984594,,,,success,1,sm75_xmma_fprop_implicit_gemm_f16f16_f16f16_f16_nhwckrsc_nhwc_tilesize64x32x64_stage1_warpsize2x1x2_g1_tensor16x8x8_t1r1s1,0xd8c128ae16cb4132,CaskConvolution,50,20
200,,1,20,256,1,model.9.cv1.conv,Conv2d,0.02459360004402697,0.02287999913096428,256,128,24,20,20,0.03362559862434862,fp16,0.09925859999930253,,,,success,1,sm70_xmma_fprop_implicit_gemm_f16f16_f16f16_f16_nhwckrsc_nhwc_tilesize64x32x64_stage1_warpsize2x1x2_g1_tensor8x8x4_t1r1s1,0xf883bd61103a5c32,CaskConvolution,50,20
200,,1,20,256,1,model.9.cv1.conv,Conv2d,0.026224320083856584,0.023760000243782997,256,128,32,20,20,0.042209599167108446,fp16,0.10178047400040668,,,,success,1,sm70_xmma_fprop_implicit_gemm_f16f16_f16f16_f16_nhwckrsc_nhwc_tilesize64x32x64_stage1_warpsize2x1x2_g1_tensor8x8x4_simple_t1r1s1,0x81a7be09ad63581a,CaskConvolution,50,20
200,,1,20,256,1,model.9.cv1.conv,Conv2d,0.025172320092096925,0.02252800017595291,256,128,40,20,20,0.03318879827857012,fp16,0.11199794200001634,,,,success,1,sm75_xmma_gemm_f16f16_f16f16_f16_tn_n_tilesize64x32x64_stage1_warpsize2x2x1_tensor16x8x8,0x00000000000203a2,CaskGemmConvolution,50,20
200,,1,20,256,1,model.9.cv1.conv,Conv2d,0.027180480044335126,0.02292799949645996,256,128,48,20,20,0.053563201054930655,fp16,0.10744910799985519,,,,success,1,sm75_xmma_gemm_f16f16_f16f16_f16_tn_n_tilesize32x32x64_stage1_warpsize2x2x1_tensor16x8x8,0x00000000000201d7,CaskGemmConvolution,50,20
200,,1,20,256,1,model.9.cv1.conv,Conv2d,0.030399679979309438,0.026623999699950218,256,128,56,20,20,0.061147199757397165,fp16,0.11360361100014416,,,,success,1,sm75_xmma_gemm_f16f16_f16f16_f16_tn_n_tilesize32x32x64_stage1_warpsize2x2x1_tensor16x8x8,0x00000000000201d7,CaskGemmConvolution,50,20
200,,1,20,256,1,model.9.cv1.conv,Conv2d,0.02745104010216892,0.023312000557780266,256,128,64,20,20,0.05489279907196752,fp16,0.10584196399940993,,,,success,1,sm75_xmma_gemm_f16f16_f16f16_f16_tn_n_tilesize32x32x64_stage1_warpsize2x2x1_tensor16x8x8,0x00000000000201d7,CaskGemmConvolution,50,20
200,,1,20,256,1,model.9.cv1.conv,Conv2d,0.03902208012528718,0.0378239993005991,256,128,72,20,20,0.05593760088086127,fp16,0.11239536199718714,,,,success,1,sm75_xmma_gemm_f16f16_f16f16_f16_nn_n_tilesize32x32x64_stage1_warpsize2x2x1_tensor16x8x8,0x00000000000205c4,CaskGemmConvolution,50,20
200,,1,20,256,1,model.9.cv1.conv,Conv2d,0.02812368016690016,0.024464000016450882,256,128,80,20,20,0.05345600042492148,fp16,0.13152531499872566,,,,success,1,sm75_xmma_gemm_f16f16_f16f16_f16_tn_n_tilesize32x32x64_stage1_warpsize2x2x1_tensor16x8x8,0x00000000000201d7,CaskGemmConvolution,50,20
200,,1,20,256,1,model.9.cv1.conv,Conv2d,0.026978880045935513,0.023679999634623528,256,128,88,20,20,0.04925440158694979,fp16,0.10361560299861594,,,,success,1,sm75_xmma_fprop_implicit_gemm_f16f16_f16f16_f16_nhwckrsc_nhwc_tilesize64x32x64_stage1_warpsize2x1x2_g1_tensor16x8x8_simple_t1r1s1,0x017a89ce2d82b850,CaskConvolution,50,20
200,,1,20,256,1,model.9.cv1.conv,Conv2d,0.02539232007227838,0.02412799932062626,256,128,96,20,20,0.034848000667989244,fp16,0.10382131400183425,,,,success,1,sm75_xmma_fprop_implicit_gemm_f16f16_f16f16_f16_nhwckrsc_nhwc_tilesize64x32x64_stage1_warpsize2x1x2_g1_tensor16x8x8_simple_t1r1s1,0x017a89ce2d82b850,CaskConvolution,50,20
200,,1,20,256,1,model.9.cv1.conv,Conv2d,0.03897648015990853,0.03638400137424469,256,128,104,20,20,0.05182399842888111,fp16,0.10868938699786668,,,,success,1,volta_h884gemm_64x64_ldg8_relu_tn_v1,0x00000000000200e8,CaskGemmConvolution,50,20
200,,1,20,256,1,model.9.cv1.conv,Conv2d,0.038721760232001544,0.03657599911093712,256,128,112,20,20,0.053711999207735055,fp16,0.1124330229977204,,,,success,1,sm75_xmma_gemm_f16f16_f16f16_f16_tn_n_tilesize32x32x64_stage1_warpsize2x2x1_tensor16x8x8,0x00000000000201d7,CaskGemmConvolution,50,20
200,,1,20,256,1,model.9.cv1.conv,Conv2d,0.03794160006567836,0.035071998834609985,256,128,120,20,20,0.053247999399900436,fp16,0.1133133019975503,,,,success,1,sm75_xmma_gemm_f16f16_f16f16_f16_tn_n_tilesize64x32x64_stage1_warpsize2x2x1_tensor16x8x8,0x00000000000203a2,CaskGemmConvolution,50,20
200,,1,20,256,1,model.9.cv1.conv,Conv2d,0.04170271972194314,0.03940799832344055,256,128,128,20,20,0.05566719900816678,fp16,0.12370275100329309,0.04073600098490715,0.03369881034218071,,success,1,sm75_xmma_gemm_f16f16_f16f16_f16_tn_n_tilesize64x32x64_stage1_warpsize2x2x1_tensor16x8x8,0x00000000000203a2,CaskGemmConvolution,50,20
200,,1,20,128,1,model.9.cv2.conv,Conv2d,0.03318047991022468,0.03267199918627739,512,256,64,20,20,0.03900959901511669,fp16,0.10363438800050062,,,,success,1,sm75_xmma_gemm_f16f16_f16f16_f16_nn_n_tilesize32x32x64_stage1_warpsize2x2x1_tensor16x8x8,0x00000000000205c4,CaskGemmConvolution,50,20
200,,1,20,128,1,model.9.cv2.conv,Conv2d,0.06382639963179827,0.061423998326063156,512,256,128,20,20,0.07645600028336046,fp16,0.11617805599962594,,,,success,1,volta_hcudnn_128x128_relu_interior_nn_v1,0x0ccb6665868f9bd5,CaskConvolution,50,20
200,,1,20,128,1,model.9.cv2.conv,Conv2d,0.036943519953638315,0.03411199897527695,512,256,192,20,20,0.05321759916841984,fp16,0.10633911100012483,,,,success,1,sm75_xmma_gemm_f16f16_f16f16_f16_nn_n_tilesize64x64x64_stage1_warpsize2x2x1_tensor16x8x8,0x00000000000204c8,CaskGemmConvolution,50,20
200,,1,20,128,1,model.9.cv2.conv,Conv2d,0.0367270402982831,0.03580800071358681,512,256,256,20,20,0.042825601436197736,fp16,0.1038229030018556,,,,success,1,volta_h884gemm_64x64_ldg8_relu_tn_v1,0x00000000000200e8,CaskGemmConvolution,50,20
200,,1,20,256,1,model.9.cv2.conv,Conv2d,0.036017120033502575,0.03478400036692619,512,256,64,20,20,0.046343998797237856,fp16,0.104376200997649,,,,success,1,sm75_xmma_gemm_f16f16_f16f16_f16_tn_n_tilesize32x32x64_stage1_warpsize2x2x1_tensor16x8x8,0x00000000000201d7,CaskGemmConvolution,50,20
200,,1,20,256,1,model.9.cv2.conv,Conv2d,0.04287072014063597,0.040272001177072525,512,256,128,20,20,0.057603199034929276,fp16,0.11208542299937108,,,,success,1,sm75_xmma_gemm_f16f16_f16f16_f16_tn_n_tilesize64x32x64_stage1_warpsize2x2x1_tensor16x8x8,0x00000000000203a2,CaskGemmConvolution,50,20
200,,1,20,256,1,model.9.cv2.conv,Conv2d,0.041396799962967634,0.03852799907326698,512,256,192,20,20,0.0575615983456373,fp16,0.10137901599955512,,,,success,1,sm75_xmma_fprop_implicit_gemm_f16f16_f16f16_f16_nhwckrsc_nhwc_tilesize64x64x64_stage1_warpsize2x2x1_g1_tensor16x8x8_t1r1s1,0xe67db95e0c20b618,CaskConvolution,50,20
200,,1,20,256,1,model.9.cv2.conv,Conv2d,0.042300000041723254,0.03891199827194214,512,256,256,20,20,0.059576001577079235,fp16,0.1059136949988897,,,,success,1,sm75_xmma_fprop_implicit_gemm_f16f16_f16f16_f16_nhwckrsc_nhwc_tilesize64x32x64_stage1_warpsize2x1x2_g1_tensor16x8x8_simple_t1r1s1,0x017a89ce2d82b850,CaskConvolution,50,20
200,,1,20,384,1,model.9.cv2.conv,Conv2d,0.045573280043900016,0.0432640016078949,512,256,64,20,20,0.05857279896736144,fp16,0.11141749400121626,,,,success,1,sm75_xmma_gemm_f16f16_f16f16_f16_tn_n_tilesize32x32x64_stage1_warpsize2x2x1_tensor16x8x8,0x00000000020401d7,CaskGemmConvolution,50,20
200,,1,20,384,1,model.9.cv2.conv,Conv2d,0.048113440237939356,0.04713600128889084,512,256,128,20,20,0.053681601770222145,fp16,0.10614257599809207,,,,success,1,sm75_xmma_fprop_implicit_gemm_f16f16_f16f16_f16_nhwckrsc_nhwc_tilesize64x32x64_stage1_warpsize2x1x2_g1_tensor16x8x8_t1r1s1,0xd8c128ae16cb4132,CaskConvolution,50,20
200,,1,20,384,1,model.9.cv2.conv,Conv2d,0.04668240003287792,0.044783998280763626,512,256,192,20,20,0.05739840082824228,fp16,0.10888718900241656,,,,success,1,sm75_xmma_fprop_implicit_gemm_f16f16_f16f16_f16_nhwckrsc_nhwc_tilesize64x64x64_stage1_warpsize2x2x1_g1_tensor16x8x8_simple_t1r1s1,0x62a22cfa1199e58e,CaskConvolution,50,20
200,,1,20,384,1,model.9.cv2.conv,Conv2d,0.048039040230214596,0.046351999044418335,512,256,256,20,20,0.05908799916505813,fp16,0.1097265040007187,,,,success,1,sm75_xmma_fprop_implicit_gemm_f16f16_f16f16_f16_nhwckrsc_nhwc_tilesize64x64x64_stage1_warpsize2x2x1_g1_tensor16x8x8_t1r1s1,0xe67db95e0c20b618,CaskConvolution,50,20
200,,1,20,512,1,model.9.cv2.conv,Conv2d,0.027157120006158948,0.024159999564290047,512,256,8,20,20,0.04937759898602959,fp16,1.4021280480010319,,,,success,1,sm75_xmma_gemm_f16f16_f16f16_f16_tn_n_tilesize32x32x64_stage1_warpsize2x2x1_tensor16x8x8,0x00000000000201d7,CaskGemmConvolution,50,20
200,,1,20,512,1,model.9.cv2.conv,Conv2d,0.027145120119675993,0.0244159996509552,512,256,16,20,20,0.04363840036094187,fp16,1.4600509720003174,,,,success,1,sm75_xmma_gemm_f16f16_f16f16_f16_tn_n_tilesize32x32x64_stage1_warpsize2x2x1_tensor16x8x8,0x00000000000201d7,CaskGemmConvolution,50,20
200,,1,20,512,1,model.9.cv2.conv,Conv2d,0.025447360165417196,0.024447999894618988,512,256,24,20,20,0.03359999842941759,fp16,1.4532523460002267,,,,success,1,sm75_xmma_gemm_f16f16_f16f16_f16_nn_n_tilesize32x32x64_stage1_warpsize2x2x1_tensor16x8x8,0x00000000000205c4,CaskGemmConvolution,50,20
200,,1,20,512,1,model.9.cv2.conv,Conv2d,0.027540640207007527,0.02457600086927414,512,256,32,20,20,0.04167039841413488,fp16,1.4489292439975543,,,,success,1,sm75_xmma_gemm_f16f16_f16f16_f16_nn_n_tilesize32x32x64_stage1_warpsize2x2x1_tensor16x8x8,0x00000000000205c4,CaskGemmConvolution,50,20
200,,1,20,512,1,model.9.cv2.conv,Conv2d,0.028858880111947656,0.02532800007611513,512,256,40,20,20,0.05188960004597902,fp16,1.4521795070031658,,,,success,1,sm75_xmma_gemm_f16f16_f16f16_f16_tn_n_tilesize32x32x64_stage1_warpsize2x2x1_tensor16x8x8,0x00000000000201d7,CaskGemmConvolution,50,20
200,,1,20,512,1,model.9.cv2.conv,Conv2d,0.02859376014210284,0.025631999596953392,512,256,48,20,20,0.047782398760318756,fp16,1.4727692089982156,,,,success,1,sm75_xmma_gemm_f16f16_f16f16_f16_tn_n_tilesize32x32x64_stage1_warpsize2x2x1_tensor16x8x8,0x00000000000201d7,CaskGemmConvolution,50,20
200,,1,20,512,1,model.9.cv2.conv,Conv2d,0.029781439965590836,0.026623999699950218,512,256,56,20,20,0.049528000131249396,fp16,1.4096312619985838,,,,success,1,sm75_xmma_fprop_implicit_gemm_f16f16_f16f16_f16_nhwckrsc_nhwc_tilesize64x32x64_stage1_warpsize2x1x2_g1_tensor16x8x8_simple_t1r1s1,0x017a89ce2d82b850,CaskConvolution,50,20
200,,1,20,512,1,model.9.cv2.conv,Conv2d,0.03365071998909116,0.026623999699950218,512,256,64,20,20,0.06092320159077643,fp16,1.4080470910012082,,,,success,1,sm75_xmma_gemm_f16f16_f16f16_f16_tn_n_tilesize32x32x64_stage1_warpsize2x2x1_tensor16x8x8,0x00000000000201d7,CaskGemmConvolution,50,20
200,,1,20,512,1,model.9.cv2.conv,Conv2d,0.02791504022665322,0.024879999458789825,512,256,72,20,20,0.04682719893753528,fp16,1.390734540997073,,,,success,1,sm75_xmma_gemm_f16f16_f16f16_f16_tn_n_tilesize32x32x64_stage1_warpsize2x2x1_tensor16x8x8,0x00000000000201d7,CaskGemmConvolution,50,20
200,,1,20,512,1,model.9.cv2.conv,Conv2d,0.030587839959189296,0.026623999699950218,512,256,80,20,20,0.056678400374948854,fp16,1.408664491998934,,,,success,1,sm75_xmma_fprop_implicit_gemm_indexed_f16f16_f16f16_f16_nhwckrsc_nhwc_tilesize64x32x64_stage1_warpsize2x1x2_g1_tensor16x8x8,0x75585ae3e9dedb93,CaskConvolution,50,20
200,,1,20,512,1,model.9.cv2.conv,Conv2d,0.028964640088379384,0.025567999109625816,512,256,88,20,20,0.050799998827278585,fp16,1.4402453570000944,,,,success,1,sm75_xmma_gemm_f16f16_f16f16_f16_tn_n_tilesize32x32x64_stage1_warpsize2x2x1_tensor16x8x8,0x00000000000201d7,CaskGemmConvolution,50,20
200,,1,20,512,1,model.9.cv2.conv,Conv2d,0.02790415994822979,0.026639999821782112,512,256,96,20,20,0.032406400702893724,fp16,1.4580777869996382,,,,success,1,sm75_xmma_gemm_f16f16_f16f16_f16_tn_n_tilesize64x32x64_stage1_warpsize2x2x1_tensor16x8x8,0x00000000000203a2,CaskGemmConvolution,50,20
200,,1,20,512,1,model.9.cv2.conv,Conv2d,0.028190079936757685,0.026623999699950218,512,256,104,20,20,0.030851200502365762,fp16,1.4458474419989216,,,,success,1,sm75_xmma_gemm_f16f16_f16f16_f16_tn_n_tilesize64x32x64_stage1_warpsize2x2x1_tensor16x8x8,0x00000000000203a2,CaskGemmConvolution,50,20
200,,1,20,512,1,model.9.cv2.conv,Conv2d,0.029103040071204303,0.028672000393271446,512,256,112,20,20,0.03463359922170639,fp16,1.4091564419977658,,,,success,1,sm75_xmma_fprop_implicit_gemm_f16f16_f16f16_f16_nhwckrsc_nhwc_tilesize64x32x64_stage1_warpsize2x1x2_g1_tensor16x8x8_t1r1s1,0xd8c128ae16cb4132,CaskConvolution,50,20
200,,1,20,512,1,model.9.cv2.conv,Conv2d,0.030518880048766732,0.027744000777602196,512,256,120,20,20,0.05194240007549522,fp16,1.379804313997738,,,,success,1,sm75_xmma_fprop_implicit_gemm_f16f16_f16f16_f16_nhwckrsc_nhwc_tilesize64x32x64_stage1_warpsize2x1x2_g1_tensor16x8x8,0x55fb34a08663e5ae,CaskConvolution,50,20
200,,1,20,512,1,model.9.cv2.conv,Conv2d,0.030298720039427282,0.028672000393271446,512,256,128,20,20,0.03756160158663983,fp16,1.381262760998652,,,,success,1,sm75_xmma_gemm_f16f16_f16f16_f16_nn_n_tilesize32x32x64_stage1_warpsize2x2x1_tensor16x8x8,0x00000000000205c4,CaskGemmConvolution,50,20
200,,1,20,512,1,model.9.cv2.conv,Conv2d,0.029028000012040138,0.02731199935078621,512,256,136,20,20,0.03971360009163616,fp16,1.4177625160009484,,,,success,1,sm75_xmma_gemm_f16f16_f16f16_f16_tn_n_tilesize64x32x64_stage1_warpsize2x2x1_tensor16x8x8,0x00000000000203a2,CaskGemmConvolution,50,20
200,,1,20,512,1,model.9.cv2.conv,Conv2d,0.029917599903419613,0.027583999559283257,512,256,144,20,20,0.04128160104155539,fp16,1.4306073139996442,,,,success,1,sm75_xmma_gemm_f16f16_f16f16_f16_tn_n_tilesize64x32x64_stage1_warpsize2x2x1_tensor16x8x8,0x00000000000203a2,CaskGemmConvolution,50,20
200,,1,20,512,1,model.9.cv2.conv,Conv2d,0.02790511998347938,0.02703999914228916,512,256,152,20,20,0.030884800385683774,fp16,1.417132885002502,,,,success,1,sm75_xmma_gemm_f16f16_f16f16_f16_tn_n_tilesize64x32x64_stage1_warpsize2x2x1_tensor16x8x8,0x00000000000203a2,CaskGemmConvolution,50,20
200,,1,20,512,1,model.9.cv2.conv,Conv2d,0.03157824010588229,0.028672000393271446,512,256,160,20,20,0.05035199839621776,fp16,1.3652472339999804,,,,success,1,sm75_xmma_gemm_f16f16_f16f16_f16_tn_n_tilesize64x32x64_stage1_warpsize2x2x1_tensor16x8x8,0x00000000000203a2,CaskGemmConvolution,50,20
200,,1,20,512,1,model.9.cv2.conv,Conv2d,0.03051695997826755,0.02844800055027008,512,256,168,20,20,0.041964798793196666,fp16,1.383933255001466,,,,success,1,sm75_xmma_gemm_f16f16_f16f16_f16_tn_n_tilesize64x64x64_stage1_warpsize2x2x1_tensor16x8x8,0x00000000000204d9,CaskGemmConvolution,50,20
200,,1,20,512,1,model.9.cv2.conv,Conv2d,0.03256463996134698,0.028351999819278717,512,256,176,20,20,0.05407200139015911,fp16,1.4139385229973414,,,,success,1,sm75_xmma_gemm_f16f16_f16f16_f16_tn_n_tilesize32x32x64_stage1_warpsize2x2x1_tensor16x8x8,0x00000000000201d7,CaskGemmConvolution,50,20
200,,1,20,512,1,model.9.cv2.conv,Conv2d,0.029041440105065704,0.02796800062060356,512,256,184,20,20,0.03686400130391121,fp16,1.4150681469982374,,,,success,1,sm75_xmma_gemm_f16f16_f16f16_f16_tn_n_tilesize32x32x64_stage1_warpsize2x2x1_tensor16x8x8,0x00000000000201d7,CaskGemmConvolution,50,20
200,,1,20,512,1,model.9.cv2.conv,Conv2d,0.030544160017743707,0.02828799933195114,512,256,192,20,20,0.048409599624574175,fp16,1.4298969359988405,,,,success,1,sm75_xmma_gemm_f16f16_f16f16_f16_tn_n_tilesize64x64x64_stage1_warpsize2x2x1_tensor16x8x8,0x00000000000204d9,CaskGemmConvolution,50,20
200,,1,20,512,1,model.9.cv2.conv,Conv2d,0.031722400011494754,0.028511999174952507,512,256,200,20,20,0.05760640092194073,fp16,1.4179654469990055,,,,success,1,sm75_xmma_gemm_f16f16_f16f16_f16_tn_n_tilesize64x64x64_stage1_warpsize2x2x1_tensor16x8x8,0x00000000000204d9,CaskGemmConvolution,50,20
200,,1,20,512,1,model.9.cv2.conv,Conv2d,0.03340943995863199,0.030688000842928886,512,256,208,20,20,0.05128639880567786,fp16,1.4334276819972729,,,,success,1,sm75_xmma_gemm_f16f16_f16f16_f16_tn_n_tilesize64x64x64_stage1_warpsize2x2x1_tensor16x8x8,0x00000000000204d9,CaskGemmConvolution,50,20
200,,1,20,512,1,model.9.cv2.conv,Conv2d,0.02938624002970755,0.028255999088287354,512,256,216,20,20,0.038134399615228166,fp16,1.4147248220033362,,,,success,1,sm75_xmma_gemm_f16f16_f16f16_f16_tn_n_tilesize64x64x64_stage1_warpsize2x2x1_tensor16x8x8,0x00000000000204d9,CaskGemmConvolution,50,20
200,,1,20,512,1,model.9.cv2.conv,Conv2d,0.03218800009228289,0.028736000880599022,512,256,224,20,20,0.05345279946923249,fp16,1.4234330840008624,,,,success,1,sm75_xmma_fprop_implicit_gemm_f16f16_f16f16_f16_nhwckrsc_nhwc_tilesize64x64x64_stage1_warpsize2x2x1_g1_tensor16x8x8_t1r1s1,0xe67db95e0c20b618,CaskConvolution,50,20
200,,1,20,512,1,model.9.cv2.conv,Conv2d,0.03266016000881791,0.028672000393271446,512,256,232,20,20,0.05780479926615947,fp16,1.459843019998516,,,,success,1,sm75_xmma_fprop_implicit_gemm_f16f16_f16f16_f16_nhwckrsc_nhwc_tilesize64x64x64_stage1_warpsize2x2x1_g1_tensor16x8x8_simple_t1r1s1,0x62a22cfa1199e58e,CaskConvolution,50,20
200,,1,20,512,1,model.9.cv2.conv,Conv2d,0.03091968004591763,0.02848000079393387,512,256,240,20,20,0.05116320140659806,fp16,1.3692318210014491,,,,success,1,sm75_xmma_gemm_f16f16_f16f16_f16_tn_n_tilesize64x64x64_stage1_warpsize2x2x1_tensor16x8x8,0x00000000000204d9,CaskGemmConvolution,50,20
200,,1,20,512,1,model.9.cv2.conv,Conv2d,0.033359839785844086,0.030719999223947525,512,256,248,20,20,0.04939999971538781,fp16,1.392868676000944,,,,success,1,sm75_xmma_fprop_implicit_gemm_f16f16_f16f16_f16_nhwckrsc_nhwc_tilesize64x64x64_stage1_warpsize2x2x1_g1_tensor16x8x8_simple_t1r1s1,0x62a22cfa1199e58e,CaskConvolution,50,20
200,,1,20,512,1,model.9.cv2.conv,Conv2d,0.034217280084267256,0.02940800040960312,512,256,256,20,20,0.06567199975252147,fp16,1.4025130189984338,0.0302559994161129,0.02883565678382093,,success,1,sm75_xmma_gemm_f16f16_f16f16_f16_nn_n_tilesize64x64x64_stage1_warpsize2x2x1_tensor16x8x8,0x00000000000204c8,CaskGemmConvolution,50,20
200,,1,80,56,3,model.5.conv,Conv2d,0.05942624008283019,0.05833600088953972,64,128,128,40,40,0.06480640135705469,fp16,1.805877179998788,0.05939200147986412,0.018102039464857358,True,success,2,sm75_xmma_fprop_implicit_gemm_indexed_f16f16_f16f16_f16_nhwckrsc_nhwc_tilesize64x64x64_stage1_warpsize2x2x1_g1_tensor16x8x8,0x784dcede905d06c0,CaskConvolution,50,80
200,,1,20,176,1,model.8.cv1.conv,Conv2d,0.025068000070750714,0.022911999374628067,256,256,112,20,20,0.03398720137774943,fp16,1.2837777530003223,0.02457600086927414,0.07262576554051099,True,success,1,sm75_xmma_gemm_f16f16_f16f16_f16_tn_n_tilesize32x32x64_stage1_warpsize2x2x1_tensor16x8x8,0x00000000000201d7,CaskGemmConvolution,50,20
200,,1,20,176,1,model.8.cv1.conv,Conv2d,0.028106240089982748,0.023792000487446785,256,256,128,20,20,0.05564319845288989,fp16,1.0323762219995842,0.02457600086927414,0.03295226823154326,True,success,1,sm75_xmma_gemm_f16f16_f16f16_f16_nn_n_tilesize64x32x64_stage1_warpsize2x2x1_tensor16x8x8,0x000000000002037c,CaskGemmConvolution,50,20
200,,1,20,352,1,model.8.cv2.conv,Conv2d,0.023210240127518773,0.02252800017595291,384,256,192,20,20,0.02666719993576407,fp16,1.244111863001308,0.0244159996509552,0.083806794223022,True,success,1,sm75_xmma_gemm_f16f16_f16f16_f16_nn_n_tilesize64x64x64_stage1_warpsize2x2x1_tensor16x8x8,0x00000000000204c8,CaskGemmConvolution,50,20
200,,1,20,112,3,model.8.m.0.cv1.conv,Conv2d,0.030377920074388384,0.028672000393271446,128,128,112,20,20,0.04095999896526337,fp16,0.688140045000182,0.030128000304102898,0.05078124619352111,True,success,1,sm75_xmma_fprop_implicit_gemm_f16f16_f16f16_f16_nhwckrsc_nhwc_tilesize64x32x64_stage1_warpsize2x1x2_g1_tensor16x8x8_t1r3s3,0x5252dc6c9c5f3aff,CaskConvolution,50,20
200,,1,20,112,3,model.8.m.0.cv2.conv,Conv2d,0.03287856010720134,0.02879999950528145,128,128,112,20,20,0.05751840081065887,fp16,0.09991227700083982,0.030239999294281006,0.04999999353248201,True,success,1,sm75_xmma_fprop_implicit_gemm_f16f16_f16f16_f16_nhwckrsc_nhwc_tilesize64x32x64_stage1_warpsize2x1x2_g1_tensor16x8x8_t1r3s3,0x5252dc6c9c5f3aff,CaskConvolution,50,20
200,,1,20,192,1,model.9.cv1.conv,Conv2d,0.027416480090469122,0.022784000262618065,256,128,80,20,20,0.06224800068885088,fp16,1.113031813998532,0.02537599951028824,0.1137640106124337,True,success,1,sm75_xmma_gemm_f16f16_f16f16_f16_nn_n_tilesize32x32x64_stage1_warpsize2x2x1_tensor16x8x8,0x00000000000205c4,CaskGemmConvolution,50,20
200,,1,20,320,1,model.9.cv2.conv,Conv2d,0.02644384012557566,0.02271999977529049,512,256,216,20,20,0.04839839972555637,fp16,1.2872981009932118,0.025439999997615814,0.11971832082866067,True,success,1,sm75_xmma_gemm_f16f16_f16f16_f16_tn_n_tilesize64x64x64_stage1_warpsize2x2x1_tensor16x8x8,0x00000000000204d9,CaskGemmConvolution,50,20
